sr_no,name,isin,bse_symbol,nse_symbol,avg_mcap,captype
1,TATA CONSULTANCY SERVICES LTD.,INE467B01029,TCS,TCS,609949,Large Cap
2,RELIANCE INDUSTRIES LTD,INE002A01018,RELIANCE,RELIANCE,603880,Large Cap
3,HDFC BANK LTD.,INE040A01026,HDFCBANK,HDFCBANK,504849,Large Cap
4,ITC LTD,INE154A01025,ITC,ITC,328387,Large Cap
5,"HINDUSTAN UNILEVER LTD.,",INE030A01027,HINDUNILVR,HINDUNILVR,310473,Large Cap
6,HOUSING DEVELOPMENT FINANCE CORP.LT,INE001A01036,HDFC,HDFC,302362,Large Cap
7,MARUTI SUZUKI INDIA  LTD.,INE585B01010,MARUTI,MARUTI,270718,Large Cap
8,INFOSYS LTD,INE009A01021,INFY,INFY,257789,Large Cap
9,OIL AND NATURAL GAS CORPORATION LTD,INE213A01029,ONGC,ONGC,234474,Large Cap
10,"STATE BANK OF INDIA,",INE062A01020,SBIN,SBIN,234342,Large Cap
11,KOTAK MAHINDRA BANK LTD.,INE237A01028,KOTAKBANK,KOTAKBANK,220005,Large Cap
12,ICICI BANK LTD.,INE090A01021,ICICIBANK,ICICIBANK,194456,Large Cap
13,LARSEN & TOUBRO LIMITED,INE018A01030,LT,LT,187311,Large Cap
14,COAL INDIA LIMITED,INE522F01014,COALINDIA,COALINDIA,177671,Large Cap
15,INDIAN OIL CORPORATION LTD.,INE242A01010,IOC,IOC,173487,Large Cap
16,BHARTI AIRTEL  LTD.,INE397D01024,BHARTIARTL,BHARTIARTL,165803,Large Cap
17,NTPC LIMITED,INE733E01010,NTPC,NTPC,138076,Large Cap
18,AXIS BANK LTD.,INE238A01034,AXISBANK,AXISBANK,137855,Large Cap
19,HCL TECHNOLOGIES LTD,INE860A01027,HCLTECH,HCLTECH,131823,Large Cap
20,"WIPRO  LTD.,",INE075A01022,WIPRO,WIPRO,129723,Large Cap
21,"HINDUSTAN ZINC LTD.,",INE267A01025,HINDZINC,HINDZINC,129335,Large Cap
22,SUN PHARMACEUTICAL INDUSTRIES LTD.,INE044A01036,SUNPHARMA,SUNPHARMA,127722,Large Cap
23,ASIAN PAINTS LTD.,INE021A01026,ASIANPAINT,ASIANPAINT,114186,Large Cap
24,TATA MOTORS LTD.,INE155A01022,TATAMOTORS,TATAMOTORS,110881,Large Cap
25,ULTRATECH CEMENT LTD,INE481G01011,ULTRACEMCO,ULTRACEMCO,110758,Large Cap
26,VEDANTA LIMITED,INE205A01025,VEDL,VEDL,109186,Large Cap
27,BAJAJ FINANCE LIMITED,INE296A01024,BAJFINANCE,BAJFINANCE,108156,Large Cap
28,INDUSIND BANK LTD.,INE095A01012,INDUSINDBK,INDUSINDBK,108074,Large Cap
29,POWER GRID CORPORATION OF INDIA LIMITED,INE752E01010,POWERGRID,POWERGRID,104378,Large Cap
30,MAHINDRA & MAHINDRA LTD.,INE101A01026,M&M,M&M,99800,Large Cap
31,HDFC STANDARD LIFE INSURANCE COMPANY LIMITED,INE795G01014,HDFCLIFE,HDFCLIFE,93943,Large Cap
32,"BHARAT PETROLEUM CORPN. LTD.,",INE029A01011,BPCL,BPCL,93548,Large Cap
33,BAJAJ AUTO LIMITED,INE917I01010,BAJAJ-AUTO,BAJAJ-AUTO,85675,Large Cap
34,BAJAJ FINSERV LIMITED,INE918I01018,BAJAJFINSV,BAJAJFINSV,85321,Large Cap
35,AVENUE SUPERMARTS LIMITED,INE192R01011,DMART,DMART,85049,Large Cap
36,NESTLE INDIA LTD.,INE239A01016,NESTLEIND,,82051,Large Cap
37,ADANI PORTS AND SPECIAL ECONOMIC ZONE LTD,INE742F01042,ADANIPORTS,ADANIPORTS,81503,Large Cap
38,TITAN COMPANY LIMITED,INE280A01028,TITAN,TITAN,79395,Large Cap
39,EICHER MOTORS LTD.,INE066A01013,EICHERMOT,EICHERMOT,78979,Large Cap
40,YES BANK LTD.,INE528G01027,YESBANK,YESBANK,75860,Large Cap
41,JSW STEEL LIMITED,INE019A01038,JSWSTEEL,JSWSTEEL,74566,Large Cap
42,GODREJ CONSUMER PRODUCTS LTD.,INE102D01028,GODREJCP,GODREJCP,73985,Large Cap
43,HERO MOTOCORP LIMITED,INE158A01026,HEROMOTOCO,HEROMOTOCO,72392,Large Cap
44,"GRASIM INDUSTRIES LTD.,",INE047A01021,GRASIM,GRASIM,72360,Large Cap
45,GAIL (INDIA) LTD.,INE129A01019,GAIL,GAIL,71875,Large Cap
46,"MOTHERSON SUMI SYSTEMS LTD.,",INE775A01035,MOTHERSUMI,MOTHERSUMI,70560,Large Cap
47,SBI LIFE INSURANCE COMPANY LIMITED,INE123W01016,SBILIFE,SBILIFE,69152,Large Cap
48,TATA STEEL LIMITED,INE081A01012,TATASTEEL,TATASTEEL,68910,Large Cap
49,GENERAL INSURANCE CORPORATION OF INDIA,INE481Y01014,GICRE,GICRE,64103,Large Cap
50,DABUR INDIA LTD.,INE016A01026,DABUR,DABUR,62644,Large Cap
51,"BRITANNIA INDUSTRIES LTD.,",INE216A01022,BRITANNIA,BRITANNIA,62399,Large Cap
52,TECH MAHINDRA LIMITED,INE669C01036,TECHM,TECHM,62221,Large Cap
53,BHARTI INFRATEL LIMITED,INE121J01017,INFRATEL,INFRATEL,61030,Large Cap
54,BANDHAN BANK LIMITED,INE545U01014,BANDHANBNK,BANDHANBNK,59878,Large Cap
55,"SHREE CEMENTS LTD.,",INE070A01015,SHREECEM,SHREECEM,58810,Large Cap
56,ICICI PRUDENTIAL LIFE INSURANCE COMPANY LIMITED,INE726G01019,ICICIPRULI,ICICIPRULI,58332,Large Cap
57,BOSCH LTD,INE323A01026,BOSCHLTD,BOSCHLTD,57570,Large Cap
58,ZEE ENTERTAINMENT ENTERPRISES LTD.,INE256A01028,ZEEL,ZEEL,55276,Large Cap
59,THE NEW INDIA ASSURANCE COMPANY LIMITED,INE470Y01017,NIACL,NIACL,54969,Large Cap
60,HINDALCO INDUSTRIES LTD.,INE038A01020,HINDALCO,HINDALCO,53809,Large Cap
61,INDIABULLS HOUSING FINANCE LIMITED,INE148I01020,IBULHSGFIN,IBULHSGFIN,53272,Large Cap
62,HINDUSTAN PETROLEUM CORPORATION LTD,INE094A01015,HINDPETRO,HINDPETRO,53083,Large Cap
63,PIDILITE INDUSTRIES LTD.,INE318A01026,PIDILITIND,PIDILITIND,50466,Large Cap
64,INTERGLOBE AVIATION LIMITED,INE646L01027,INDIGO,INDIGO,48493,Large Cap
65,UNITED SPIRITS LIMITED,INE854D01024,UNITDSPR,MCDOWELL-N,48469,Large Cap
66,AMBUJA CEMENTS LTD.,INE079A01024,AMBUJACEM,AMBUJACEM,47237,Large Cap
67,"CIPLA LTD.,",INE059A01026,CIPLA,CIPLA,46806,Large Cap
68,PIRAMAL ENTERPRISES LIMITED,INE140A01024,PEL,PEL,45870,Large Cap
69,"ASHOK LEYLAND LTD.,",INE208A01029,ASHOKLEY,ASHOKLEY,41371,Large Cap
70,MARICO LIMITED,INE196A01026,MARICO,MARICO,41086,Large Cap
71,CADILA HEALTHCARE LTD.,INE010B01027,CADILAHC,CADILAHC,40733,Large Cap
72,"SIEMENS LTD.,",INE003A01024,SIEMENS,SIEMENS,40201,Large Cap
73,NMDC LTD,INE584A01023,NMDC,NMDC,39854,Large Cap
74,DLF LIMITED,INE271C01023,DLF,DLF,39281,Large Cap
75,LUPIN LTD,INE326A01037,LUPIN$,LUPIN,37106,Large Cap
76,UPL LIMITED,INE628A01036,UPL,UPL,36887,Large Cap
77,BIOCON LTD.,INE376G01013,BIOCON,BIOCON,36655,Large Cap
78,SUN TV NETWORK LIMITED,INE424H01027,SUNTV,SUNTV,36464,Large Cap
79,"DR. REDDY'S LABORATORIES LTD.,",INE089A01023,DRREDDY,DRREDDY,36148,Large Cap
80,AUROBINDO PHARMA LTD.,INE406A01037,AUROPHARMA,AUROPHARMA,35550,Large Cap
81,BANK OF BARODA,INE028A01039,BANKBARODA,BANKBARODA,35201,Large Cap
82,ICICI LOMBARD GENERAL INSURANCE COMPANY LIMITED ,INE765G01017,ICICIGI,ICICIGI,35103,Large Cap
83,"BHARAT ELECTRONICS LTD.,",INE263A01024,BEL,BEL,34980,Large Cap
84,HINDUSTAN AERONAUTICS LIMITED,INE066F01012,HAL,HAL,34934,Large Cap
85,PETRONET LNG LTD.,INE347G01014,PETRONET,PETRONET,34792,Large Cap
86,ADITYA BIRLA CAPITAL LTD,INE674K01013,ABCAPITAL,ABCAPITAL,34582,Large Cap
87,ORACLE FINANCIAL SERVICES SOFTWARE LIMITED,INE881D01027,OFSS,OFSS,34339,Large Cap
88,"STEEL AUTHORITY OF INDIA LTD.,",INE114A01011,SAIL,SAIL,33647,Large Cap
89,HAVELLS INDIA LIMITED,INE176B01034,HAVELLS,HAVELLS,33334,Large Cap
90,BHARAT FORGE LTD,INE465A01025,BHARATFORG,BHARATFORG,33220,Large Cap
91,"SHRIRAM TRANSPORT FINANCE CO. LTD.,",INE721A01013,SRTRANSFIN,SRTRANSFIN,32936,Large Cap
92,CONTAINER CORPORATION OF INDIA LTD.,INE111A01025,CONCOR,CONCOR,32318,Large Cap
93,L&T FINANCE HOLDINGS LIMITED,INE498L01015,L&TFH,L&TFH,32105,Large Cap
94,"BHARAT HEAVY ELECTRICALS LTD.,",INE257A01026,BHEL,BHEL,32013,Large Cap
95,"M.R.F. LTD.,",INE883A01011,MRF,MRF,31141,Large Cap
96,IDEA CELLULAR LTD,INE669E01016,IDEA,IDEA,30924,Large Cap
97,PROCTER & GAMBLE HYGIENE & HEALTH CARE LTD.,INE179A01014,PGHH,PGHH,30661,Large Cap
98,BAJAJ HOLDINGS & INVESTMENT LIMITED,INE118A01012,BAJAJHLDNG,BAJAJHLDNG,30643,Large Cap
99,TVS MOTOR COMPANY LTD.,INE494B01023,TVSMOTOR,TVSMOTOR,30633,Large Cap
100,"COLGATE-PALMOLIVE (INDIA) LTD.,",INE259A01022,COLPAL,COLPAL,30608,Large Cap
101,UNITED BREWERIES LTD.,INE686F01025,UBL,UBL,29337,Mid Cap
102,MAHINDRA & MAHINDRA FINANCIAL SERVICES LIMITED,INE774D01024,M&MFIN,M&MFIN,29124,Mid Cap
103,ACC LTD,INE012A01025,ACC,ACC,29023,Mid Cap
104,DIVI'S LABORATORIES LTD.,INE361B01024,DIVISLAB,DIVISLAB,28917,Mid Cap
105,ABB INDIA LIMITED,INE117A01022,ABB,ABB,28907,Mid Cap
106,PUNJAB NATIONAL BANK,INE160A01022,PNB,PNB,28610,Mid Cap
107,NHPC LIMITED,INE848E01016,NHPC,NHPC,28582,Mid Cap
108,FUTURE RETAIL LTD.,INE752P01024,FRETAIL,FRETAIL,27904,Mid Cap
109,KANSAI NEROLAC PAINTS,INE531A01024,KANSAINER,KANSAINER,26866,Mid Cap
110,GLAXOSMITHKLINE CONSUMER HEALTHCARE LTD.,INE264A01014,GSKCONS,GSKCONS,26570,Mid Cap
111,LIC HOUSING FINANCE LTD.,INE115A01026,LICHSGFIN,LICHSGFIN,26345,Mid Cap
112,OIL INDIA LIMITED,INE274J01014,OIL,OIL,26082,Mid Cap
113,PAGE INDUSTRIES LTD.,INE761H01022,PAGEIND,PAGEIND,26078,Mid Cap
114,RURAL ELECTRIFICATION CORPORATION LIMITED,INE020B01018,RECLTD,RECLTD,26021,Mid Cap
115,BERGER PAINTS INDIA LTD,INE463A01038,BERGEPAINT,BERGEPAINT,25789,Mid Cap
116,EDELWEISS FINANCIAL SERVICES LTD.,INE532F01054,EDELWEISS,EDELWEISS,25699,Mid Cap
117,EMAMI LTD,INE548C01032,EMAMILTD,EMAMILTD,25176,Mid Cap
118,POWER FINANCE CORPORATION LTD,INE134E01011,PFC,PFC,25048,Mid Cap
119,DALMIA BHARAT LIMITED,INE439L01019,DALMIABHA,DALMIABHA,24996,Mid Cap
120,LARSEN & TOUBRO INFOTECH LIMITED,INE214T01019,LTI,LTI,24710,Mid Cap
121,ALKEM LABORATORIES LIMITED,INE540L01014,ALKEM,ALKEM,24600,Mid Cap
122,IIFL HOLDINGS LIMITED,INE530B01024,IIFL,IIFL,23276,Mid Cap
123,TORRENT PHARMACEUTICALS LTD.,INE685A01028,TORNTPHARM,TORNTPHARM,23181,Mid Cap
124,CHOLAMANDALAM INVESTMENT AND FINANCE COMPANY LTD,INE121A01016,CHOLAINV,CHOLAFIN,23112,Mid Cap
125,JINDAL STEEL & POWER LTD,INE749A01030,JINDALSTEL,JINDALSTEL,22991,Mid Cap
126,TATA POWER CO. LTD,INE245A01021,TATAPOWER,TATAPOWER,22811,Mid Cap
127,3M INDIA LTD.,INE470A01017,3MINDIA,3MINDIA,22224,Mid Cap
128,"BALKRISHNA INDUSTRIES LTD.,",INE787D01026,BALKRISIND,BALKRISIND,22141,Mid Cap
129,GRUH FINANCE LTD,INE580B01029,GRUH,GRUH,21963,Mid Cap
130,"CUMMINS INDIA LTD.,",INE298A01020,CUMMINSIND,CUMMINSIND,21618,Mid Cap
131,GILLETTE INDIA LTD.,INE322A01010,GILLETTE,GILLETTE,21394,Mid Cap
132,RAJESH EXPORTS LTD.,INE343B01030,RAJESHEXPO,RAJESHEXPO,21298,Mid Cap
133,RBL BANK LIMITED,INE976G01028,RBLBANK,RBLBANK,21222,Mid Cap
134,PNB HOUSING FINANCE LIMITED,INE572E01012,PNBHOUSING,PNBHOUSING,20749,Mid Cap
135,GLAXOSMITHKLINE PHARMACEUTICALS LTD.,INE159A01016,GLAXO,GLAXO,20595,Mid Cap
136,INDRAPRASHTHA GAS LTD.,INE203G01027,IGL,IGL,20204,Mid Cap
137,VAKRANGEE LIMITED,INE051B01021,VAKRANG,VAKRANGEE,19910,Mid Cap
138,"EXIDE INDUSTRIES LTD.,",INE302A01020,EXIDEIND,EXIDEIND,19862,Mid Cap
139,"VOLTAS LTD.,",INE226A01021,VOLTAS,VOLTAS,19762,Mid Cap
140,ADANI TRANSMISSION LIMITED,INE931S01010,ADANITRANS,ADANITRANS,19728,Mid Cap
141,GODREJ INDUSTRIES LTD.,INE233A01035,GODREJIND,GODREJIND,19512,Mid Cap
142,MANGALORE REFINERY & PETROCHEMICALS,INE103A01014,MRPL,MRPL,19398,Mid Cap
143,SUNDARAM FINANCE LTD,INE660A01013,SUNDARMFIN,SUNDARMFIN,19361,Mid Cap
144,WHIRLPOOL OF INDIA LTD,INE716A01013,WHIRLPOOL,WHIRLPOOL,19349,Mid Cap
145,AU SMALL FINANCE BANK LIMITED,INE949L01017,AUBANK,AUBANK,18831,Mid Cap
146,CASTROL INDIA LTD,INE172A01027,CASTROLIND,CASTROLIND,18672,Mid Cap
147,IDBI BANK LTD,INE008A01015,IDBI,IDBI,18589,Mid Cap
148,FEDERAL BANK LTD.,INE171A01029,FEDERALBNK,FEDERALBNK,18518,Mid Cap
149,CANARA BANK,INE476A01014,CANBK,CANBK,18513,Mid Cap
150,TATA CHEMICALS LTD,INE092A01019,TATACHEM,TATACHEM,18401,Mid Cap
151,NBCC (INDIA) LIMITED,INE095N01031,NBCC,NBCC,18245,Mid Cap
152,"DEWAN HOUSING FINANCE CORPN. LTD.,",INE202B01012,DHFL,DHFL,18199,Mid Cap
153,THE RAMCO CEMENTS LIMITED,INE331A01037,RAMCOCEM,RAMCOCEM,18169,Mid Cap
154,TATA COMMUNICATIONS LIMITED,INE151A01013,TATACOMM,TATACOMM,17901,Mid Cap
155,MPHASIS LIMITED,INE356A01018,MPHASIS,MPHASIS,17875,Mid Cap
156,ENDURANCE TECHNOLOGIES LIMITED,INE913H01037,ENDURANCE,ENDURANCE,17760,Mid Cap
157,TATA GLOBAL BEVERAGES LIMITED,INE192A01025,TATATEA,TATAGLOBAL,17553,Mid Cap
158,ADANI ENTERPRISES LTD.,INE423A01024,ADANIENT,ADANIENT,17539,Mid Cap
159,OBEROI REALTY LIMITED,INE093I01010,OBEROIREAL,OBEROIRLTY,17286,Mid Cap
160,KIOCL LIMITED ,INE880L01014,KIOCL,KIOCL,16802,Mid Cap
161,IDFC BANK LIMITED,INE092T01019,IDFCBANK,IDFCBANK,16714,Mid Cap
162,GODREJ PROPERTIES LIMITED,INE484J01027,GODREJPROP,GODREJPROP,16690,Mid Cap
163,MUTHOOT FINANCE LIMITED,INE414G01012,MUTHOOTFIN,MUTHOOTFIN,16503,Mid Cap
164,INDIAN HOTELS CO. LTD,INE053A01029,INDHOTEL,INDHOTEL,16299,Mid Cap
165,CENTRAL BANK OF INDIA,INE483A01010,CENTRALBK,CENTRALBK,16194,Mid Cap
166,BANK OF INDIA,INE084A01016,BANKINDIA,BANKINDIA,16121,Mid Cap
167,"SUPREME INDUSTRIES LTD.,",INE195A01028,SUPREMEIND,SUPREMEIND,16034,Mid Cap
168,INDIAN BANK,INE562A01011,INDIANB,INDIANB,15941,Mid Cap
169,GLENMARK PHARMACEUTICALS LTD,INE935A01035,GLENMARK,GLENMARK,15862,Mid Cap
170,MOTILAL OSWAL FINANCIAL SERVICES LIMITED,INE338I01027,MOTILALOFS,MOTILALOFS,15737,Mid Cap
171,HONEYWELL AUTOMATION INDIA LTD.,INE671A01010,HONAUT,HONAUT,15718,Mid Cap
172,RELIANCE NIPPON LIFE ASSET MANAGEMENT LIMITED,INE298J01013,RNAM,RNAM,15713,Mid Cap
173,APOLLO TYRES LTD,INE438A01022,APOLLOTYRE,APOLLOTYRE,15658,Mid Cap
174,QUESS CORP LIMITED,INE615P01015,QUESS,QUESS,15613,Mid Cap
175,INDIABULLS VENTURES LIMITED,INE274G01010,IBVENTURES,IBVENTURES,15401,Mid Cap
176,NATCO PHARMA LTD.,INE987B01026,NATCOPHARM,NATCOPHARM,15306,Mid Cap
177,JUBILANT FOODWORKS LIMITED,INE797F01012,JUBLFOOD,JUBLFOOD,15250,Mid Cap
178,BHARAT FINANCIAL INCLUSION LIMITED,INE180K01011,BHARATFIN,BHARATFIN,15241,Mid Cap
179,INFO EDGE (INDIA) LTD.,INE663F01024,NAUKRI,NAUKRI,15220,Mid Cap
180,"APOLLO HOSPITALS ENTERPRISES LTD.,",INE437A01024,APOLLOHOSP,APOLLOHOSP,15149,Mid Cap
181,BAYER CROPSCIENCE LIMITED.,INE462A01022,BAYERCROP,,15077,Mid Cap
182,CROMPTON GREAVES CONSUMER ELECTRICALS LIMITED,INE299U01018,CROMPTON,CROMPTON,14941,Mid Cap
183,NLC INDIA LIMITED,INE589A01014,NLCINDIA,NLCINDIA,14872,Mid Cap
184,GRAPHITE INDIA LTD.,INE371A01025,GRAPHITE,GRAPHITE,14697,Mid Cap
185,COROMANDEL INTERNATIONAL LIMITED,INE169A01031,COROMANDEL,COROMANDEL,14651,Mid Cap
186,WABCO INDIA LTD,INE342J01019,WABCOINDIA,WABCOINDIA,14340,Mid Cap
187,SHRIRAM-CITY UNION FINANCE LTD.,INE722A01011,SHRIRAMCIT,SHRIRAMCIT,14176,Mid Cap
188,"NATIONAL ALUMINIUM CO. LTD.,",INE139A01034,NATIONALUM,NATIONALUM,14112,Mid Cap
189,MINDTREE  LIMITED,INE018I01017,MINDTREE,MINDTREE,14046,Mid Cap
190,AIA ENGINEERING LTD.,INE212H01026,AIAENG,AIAENG,14029,Mid Cap
191,HOUSING &URBAN DEVELOPMENT CORPORATION LTD.,INE031A01017,HUDCO,HUDCO,13963,Mid Cap
192,THERMAX LTD.,INE152A01029,THERMAX,THERMAX,13876,Mid Cap
193,AMARA RAJA BATTERIES LTD,INE885A01032,AMARAJABAT,AMARAJABAT,13870,Mid Cap
194,DILIP BUILDCON LIMITED,INE917M01012,DBL,DBL,13554,Mid Cap
195,SJVN LIMITED,INE002L01015,SJVN,SJVN,13496,Mid Cap
196,CRISIL LTD.,INE007A01025,CRISIL,CRISIL,13461,Mid Cap
197,MAX FINANCIAL SERVICES LIMITED,INE180A01020,MFSL,MFSL,13247,Mid Cap
198,STERLITE TECHNOLOGIES LIMITED.,INE089C01029,STRTECH,STRTECH,13244,Mid Cap
199,JUBILANT LIFE SCIENCES LIMITED,INE700A01033,JUBILANTORG,JUBILANT,13186,Mid Cap
200,"CESC LIMITED,",INE486A01013,CESC,CESC,13118,Mid Cap
201,JSW ENERGY LIMITED,INE121E01018,JSWENERGY,JSWENERGY,13027,Mid Cap
202,"CENTURY TEXTILES & INDUSTRIES LTD.,",INE055A01016,CENTURYTEX,CENTURYTEX,13016,Mid Cap
203,L&T TECHNOLOGY SERVICES LIMITED,INE010V01017,LTTS,LTTS,12857,Mid Cap
204,ABBOTT INDIA LTD.,INE358A01014,ABBOTINDIA,,12764,Mid Cap
205,TI FINANCIAL HOLDINGS LIMITED,INE149A01033,TIFHL,TIFIN,12673,Mid Cap
206,VARUN BEVERAGES LIMITED,INE200M01013,VBL,VBL,12424,Mid Cap
207,ICICI SECURITIES LIMITED,INE763G01038,ISEC,ISEC,12366,Mid Cap
208,GODREJ AGROVET LIMITED,INE850D01014,GODREJAGRO,GODREJAGRO,12288,Mid Cap
209,TORRENT POWER LIMITED,INE813H01021,TORNTPOWER,TORNTPOWER,12179,Mid Cap
210,"SUNDRAM FASTENERS LTD.,",INE387A01021,SUNDRMFAST,SUNDRMFAST,12168,Mid Cap
211,PC JEWELLER LIMITED,INE785M01013,PCJEWELLER,PCJEWELLER,12154,Mid Cap
212,SYMPHONY LIMITED,INE225D01027,SYMPHONY,SYMPHONY,12042,Mid Cap
213,KRBL LTD.,INE001B01026,KRBL,KRBL,12012,Mid Cap
214,SYNGENE INTERNATIONAL LIMITED,INE398R01022,SYNGENE,SYNGENE,11973,Mid Cap
215,PI INDUSTRIES LIMITED,INE603J01030,PIIND,PIIND,11954,Mid Cap
216,RELIANCE INFRASTRUCTURE LTD,INE036A01016,RELINFRA,RELINFRA,11926,Mid Cap
217,CITY UNION BANK LTD,INE491A01021,CUB,CUB,11856,Mid Cap
218,HEG LTD.,INE545A01016,HEG,HEG,11831,Mid Cap
219,HEXAWARE TECHNOLOGIES LTD.,INE093A01033,HEXAWARE,HEXAWARE,11724,Mid Cap
220,GUJARAT GAS LIMITED,INE844O01022,GUJGAS,GUJGASLTD,11684,Mid Cap
221,JM FINANCIAL LIMITED,INE780C01023,JMFINANCIL,JMFINANCIL,11650,Mid Cap
222,ADITYA BIRLA FASHION AND RETAIL LIMITED,INE647O01011,ABFRL,ABFRL,11628,Mid Cap
223,RELIANCE POWER LIMITED,INE614G01033,RPOWER,RPOWER,11457,Mid Cap
224,RELIANCE CAPITAL LIMITED,INE013A01015,RELCAPITAL,RELCAPITAL,11445,Mid Cap
225,SANOFI INDIA LTD,INE058A01010,SANOFI,SANOFI,11435,Mid Cap
226,GMR INFRASTRUCTURE LIMITED,INE776C01039,GMRINFRA,GMRINFRA,11422,Mid Cap
227,HATSUN AGRO PRODUCTS LTD.,INE473B01035,HATSUN,HATSUN,11407,Mid Cap
228,AJANTA PHARMA LTD.,INE031B01049,AJANTPHARM,AJANTPHARM,11292,Mid Cap
229,"SRF LTD.,",INE647A01010,SRF,SRF,11243,Mid Cap
230,RAIN INDUSTRIES LIMITED,INE855B01025,RAIN,RAIN,11200,Mid Cap
231,FUTURE CONSUMER LIMITED,INE220J01025,FCONSUMER,FCONSUMER,11161,Mid Cap
232,PRESTIGE ESTATES PROJECTS LIMITED,INE811K01011,PRESTIGE,PRESTIGE,11117,Mid Cap
233,TRENT LTD [LAKME LTD],INE849A01020,TRENT,TRENT,11031,Mid Cap
234,GUJARAT STATE PETRONET LTD.,INE246F01010,GSPL,GSPL,10818,Mid Cap
235,"ESCORTS LIMITED,",INE042A01014,ESCORTS,ESCORTS,10803,Mid Cap
236,ASTRAL POLY TECHNIK LTD,INE006I01046,ASTRAL,ASTRAL,10735,Mid Cap
237,ADANI POWER LIMITED,INE814H01011,ADANIPOWER,ADANIPOWER,10729,Mid Cap
238,"ARVIND LTD.,",INE034A01011,ARVIND,ARVIND,10636,Mid Cap
239,ERIS LIFESCIENCES LIMITED,INE406M01024,ERIS,ERIS,10618,Mid Cap
240,SUN PHARMA ADVANCED RESEARCH COMPANY LTD.,INE232I01014,SPARC,SPARC,10504,Mid Cap
241,"FINOLEX CABLES LTD.,",INE235A01022,FINCABLES,FINCABLES,10486,Mid Cap
242,"PFIZER LTD.,",INE182A01018,PFIZER,PFIZER,10470,Mid Cap
243,TV18 BROADCAST LTD.,INE886H01027,IBN18,TV18BRDCST,10350,Mid Cap
244,DISH TV INDIA LIMITED,INE836F01026,DISHTV,DISHTV,10293,Mid Cap
245,UNION BANK OF INDIA,INE692A01016,UNIONBANK,UNIONBANK,10221,Mid Cap
246,"BOMBAY BURMAH TRADING CORPN. LTD.,",INE050A01025,BBTC,BBTC,10180,Mid Cap
247,MINDA INDUSTRIES LTD.,INE405E01023,MINDAIND,MINDAIND,10155,Mid Cap
248,AVANTI FEEDS LTD.,INE871C01038,AVANTI,AVANTIFEED,10074,Mid Cap
249,ENGINEERS INDIA LTD.,INE510A01028,ENGINERSIN,ENGINERSIN,10022,Mid Cap
250,EIH LTD,INE230A01023,EIHOTEL,EIHOTEL,9984,Mid Cap
251,SOLAR INDUSTRIES INDIA LIMITED,INE343H01029,SOLARINDS,SOLARINDS,9849,Small Cap
252,KEC INTERNATIONAL LTD. (FORMERLY KNOWN AS KEC INFRASTRUCTURES LTD.),INE389H01022,KEC,KEC,9823,Small Cap
253,ALEMBIC PHARMACEUTICALS LIMITED,INE901L01018,APLLTD,APLLTD,9778,Small Cap
254,"SUNDARAM CLAYTON LTD.,",INE105A01035,SUNCLAYLTD,SUNCLAYLTD,9761,Small Cap
255,AARTI INDUSTRIES LTD,INE769A01020,AARTIIND,AARTIIND,9760,Small Cap
256,"THOMAS COOK (INDIA) LTD.,",INE332A01027,THOMASCOOK,THOMASCOOK,9750,Small Cap
257,GE T&D INDIA LIMITED,INE200A01026,GET&D,GET&D,9704,Small Cap
258,V-GUARD INDUSTRIES LTD.,INE951I01027,VGUARD,VGUARD,9694,Small Cap
259,BATA INDIA LIMITED,INE176A01028,BATAINDIA,BATAINDIA,9667,Small Cap
260,"THE PHOENIX MILLS LTD.,",INE211B01039,PHOENIXLTD,PHOENIXLTD,9608,Small Cap
261,INDIABULLS REAL ESTATE LIMITED,INE069I01010,IBREALEST*,IBREALEST,9550,Small Cap
262,BLUE DART EXPRESS LTD.,INE233B01017,BLUEDART,BLUEDART,9479,Small Cap
263,MANAPPURAM FINANCE LIMITED,INE522D01027,MANAPPURAM,MANAPPURAM,9446,Small Cap
264,MAHANAGAR GAS LIMITED,INE002S01010,MGL,MGL,9337,Small Cap
265,KAJARIA CERAMICS LTD,INE217B01036,KAJARIACER,KAJARIACER,9337,Small Cap
266,SKF INDIA LTD.,INE640A01023,SKFINDIA,SKFINDIA,9230,Small Cap
267,SCHAEFFLER INDIA LIMITED,INE513A01014,SCHAEFFLER,SCHAEFFLER,8999,Small Cap
268,GUJARAT FLUOROCHEMICALS LTD.,INE538A01037,GUJFLUORO,GUJFLUORO,8899,Small Cap
269,MAHINDRA CIE AUTOMOTIVE LIMITED,INE536H01010,MAHFORG,MAHINDCIE,8894,Small Cap
270,BASF INDIA LTD,INE373A01013,BASF,BASF,8866,Small Cap
271,AEGIS LOGISTICS LTD.,INE208C01025,AEGISLOG,AEGISCHEM,8838,Small Cap
272,AKZO NOBEL INDIA LIMITED,INE133A01011,AKZOINDIA,AKZOINDIA,8817,Small Cap
273,ASTER DM HEALTHCARE LIMITED,INE914M01019,ASTERDM,ASTERDM,8715,Small Cap
274,SECURITY AND INTELLIGENCE SERVICES (INDIA) LIMITED,INE285J01010,SIS,SIS,8623,Small Cap
275,INFIBEAM INCORPORATION LIMITED,INE483S01020,INFIBEAM,INFIBEAM,8547,Small Cap
276,WOCKHARDT LTD,INE049B01025,WOCKPHARMA,WOCKPHARMA,8526,Small Cap
277,ASAHI INDIA GLASS LTD.,INE439A01020,ASAHIINDIA,ASAHIINDIA,8513,Small Cap
278,IDFC LIMITED,INE043D01016,IDFC,IDFC,8499,Small Cap
279,IRB INFRASTRUCTURE DEVELOPERS LIMITED,INE821I01014,IRB,IRB,8326,Small Cap
280,IPCA LABORATORIES LTD.,INE571A01020,IPCALAB,IPCALAB,8286,Small Cap
281,"ATUL LIMITED.,",INE100A01010,ATUL,ATUL,8147,Small Cap
282,FINOLEX INDUSTRIES LTD.,INE183A01016,FINOLEXIND,FINPIPE,7971,Small Cap
283,RELAXO FOOTWEARS LTD.,INE131B01039,RELAXO,RELAXO,7966,Small Cap
284,"LAKSHMI MACHINE WORKS LTD.,",INE269B01029,LAXMIMACH,LAXMIMACH,7894,Small Cap
285,FUTURE LIFESTYLE FASHIONS LIMITED,INE452O01016,FLFL,FLFL,7812,Small Cap
286,KARUR VYSYA BANK LTD.,INE036D01028,KARURVYSYA,KARURVYSYA,7770,Small Cap
287,TTK PRESTIGE LTD.,INE690A01010,TTKPRESTIG,TTKPRESTIG,7718,Small Cap
288,DELTA CORP LIMITED,INE124G01033,DELTACORP,DELTACORP,7703,Small Cap
289,CYIENT LIMITED,INE136B01020,CYIENT,CYIENT,7665,Small Cap
290,FORTIS HEALTHCARE LTD,INE061F01013,FORTIS,FORTIS,7609,Small Cap
291,SPICEJET LIMITED,INE285B01017,SPICEJET,,7597,Small Cap
292,SHEELA FOAM LIMITED,INE916U01025,SFL,SFL,7498,Small Cap
293,OCL INDIA LTD,INE290B01025,OCL,OCL,7441,Small Cap
294,VARDHMAN TEXTILES LIMTED,INE825A01012,VTL,VTL,7397,Small Cap
295,DR. LAL PATHLABS LIMITED,INE600L01024,LALPATHLAB,LALPATHLAB,7344,Small Cap
296,BLUE STAR LTD,INE472A01039,BLUESTARCO,BLUESTARCO,7184,Small Cap
297,BHARAT DYNAMICS LIMITED,INE171Z01018,BDL,BDL,7163,Small Cap
298,NCC LIMITED,INE868B01028,NAGARCON,NCC,7144,Small Cap
299,KALPATARU POWER TRANSMISSION LTD.,INE220B01022,KALPATPOWR,KALPATPOWR,7131,Small Cap
300,VIJAYA BANK,INE705A01016,VIJAYABANK,VIJAYABANK,7066,Small Cap
301,J.K. CEMENT LTD,INE823G01014,JKCEMENT,JKCEMENT,7027,Small Cap
302,GUJARAT NARMADA VALLEY FERT.CO.LTD,INE113A01013,GNFC,GNFC,7021,Small Cap
303,DCM SHRIRAM LIMITED,INE499A01024,DCMSHRIRAM,DCMSHRIRAM,7013,Small Cap
304,JET AIRWAYS (INDIA) LTD,INE802G01018,JETAIRWAYS,JETAIRWAYS,6991,Small Cap
305,JYOTHY LABORATORIES LIMITED,INE668F01031,JYOTHYLAB,JYOTHYLAB,6983,Small Cap
306,COCHIN SHIPYARD LIMITED,INE704P01017,COCHINSHIP,COCHINSHIP,6967,Small Cap
307,CENTURY PLYBOARDS (INDIA) LTD.,INE348B01021,CENTURYPLY,CENTURYPLY,6953,Small Cap
308,HINDUSTAN COPPER LTD.,INE531E01026,HINDCOPPER,HINDCOPPER,6912,Small Cap
309,BAJAJ CORP LIMITED,INE933K01021,BAJAJCORP,BAJAJCORP,6903,Small Cap
310,SYNDICATE BANK,INE667A01018,SYNDIBANK,SYNDIBANK,6886,Small Cap
311,CHAMBAL FERTILISERS & CHEMICALS LTD,INE085A01013,CHAMBLFERT,CHAMBLFERT,6885,Small Cap
312,TATA ELXSI LTD,INE670A01012,TATAELXSI,TATAELXSI,6883,Small Cap
313,JOHNSON CONTROLS-HITACHI AIR CONDITIONING INDIA LTD.,INE782A01015,JCHAC,JCHAC,6849,Small Cap
314,"CARBORUNDUM UNIVERSAL LTD.,",INE120A01034,CARBORUNIV,CARBORUNIV,6773,Small Cap
315,INDIAN OVERSEAS BANK,INE565A01014,IOB,IOB,6758,Small Cap
316,BIRLA CORPORATION LTD.,INE340A01012,BIRLACORPN,BIRLACORPN,6627,Small Cap
317,GUJARAT PIPAVAV PORT LIMITED,INE517F01014,GPPL,GPPL,6595,Small Cap
318,COFFEE DAY ENTERPRISES LIMITED,INE335K01011,COFFEEDAY,COFFEEDAY,6589,Small Cap
319,SADBHAV ENGINEERING LTD.,INE226H01026,SADBHAV,SADBHAV,6490,Small Cap
320,CAPITAL FIRST LIMITED,INE688I01017,FCH,CAPF,6385,Small Cap
321,PVR LTD.,INE191H01014,PVR,PVR,6382,Small Cap
322,"CEAT LTD.,",INE482A01020,CEATLTD,CEATLTD,6340,Small Cap
323,HIMADRI SPECIALITY CHEMICAL LTD.,INE019C01026,HSCL,HSCL,6327,Small Cap
324,WELSPUN INDIA LTD,INE192B01031,WELSPUNIND,WELSPUNIND,6292,Small Cap
325,ITI LIMITED (INDIAN TELEPH.IND.LTD),INE248A01017,ITI,ITI,6252,Small Cap
326,PERSISTENT SYSTEMS LIMITED,INE262H01013,PERSISTENT,PERSISTENT,6210,Small Cap
327,RAYMOND LIMITED,INE301A01014,RAYMOND,RAYMOND,6182,Small Cap
328,RELIANCE COMMUNICATIONS LIMITED,INE330H01018,RCOML,RCOM,6128,Small Cap
329,SUZLON ENERGY LTD.,INE040H01021,SUZLON,SUZLON,6124,Small Cap
330,PRISM JOHNSON LIMITED.,INE010A01011,PRSMJOHNSN,PRSMJOHNSN,5976,Small Cap
331,SUNTECK REALTY LTD,INE805D01034,SUNTECK,SUNTECK,5906,Small Cap
332,"CAN FIN HOMES LTD.,",INE477A01020,CANFINHOME,CANFINHOME,5883,Small Cap
333,"MMTC LTD.,",INE123F01029,MMTC,MMTC,5865,Small Cap
334,REDINGTON (INDIA) LTD.,INE891D01026,REDINGTON,REDINGTON,5819,Small Cap
335,GE POWER INDIA LIMITED,INE878A01011,GEPIL,GEPIL,5781,Small Cap
336,"JAIN IRRIGATION SYSTEMS LTD.,",INE175A01038,JISLJALEQS,JISLJALEQS,5747,Small Cap
337,"BAJAJ ELECTRICALS LTD.,",INE193E01025,BAJAJELEC,BAJAJELEC,5728,Small Cap
338,NIIT TECHNOLOGIES LIMITED,INE591G01017,NIITTECH,NIITTECH,5727,Small Cap
339,GRINDWELL NORTON LTD.,INE536A01023,GRINDWELL,GRINDWELL,5709,Small Cap
340,LEMON TREE HOTELS LIMITED,INE970X01018,LEMONTREE,LEMONTREE,5662,Small Cap
341,D.B.CORP LIMITED,INE950I01011,DBCORP,DBCORP,5651,Small Cap
342,NARAYANA HRUDAYALAYA LIMITED,INE410P01011,NH,NH,5605,Small Cap
343,MOIL LIMITED,INE490G01020,MOIL,MOIL,5540,Small Cap
344,WESTLIFE DEVELOPMENT LTD,INE274F01020,WESTLIFE,,5534,Small Cap
345,STRIDES SHASUN LIMITED,INE939A01011,STAR,STAR,5528,Small Cap
346,DCB BANK LIMITED,INE503A01015,DCBBANK,DCBBANK,5511,Small Cap
347,"GREAT EASTERN SHIPPING CO. LTD.,",INE017A01032,GESHIP,GESHIP,5473,Small Cap
348,NETWORK 18 MEDIA & INVESTMENTS LIMITED,INE870H01013,NETWORK18,NETWORK18,5448,Small Cap
349,LAURUS LABS LIMITED,INE947Q01010,LAURUSLABS,LAURUSLABS,5368,Small Cap
350,STAR CEMENT LIMITED,INE460H01021,STARCEMENT,STARCEMENT,5343,Small Cap
351,"V.I.P. INDUSTRIES LTD.,",INE054A01027,VIPIND,VIPIND,5321,Small Cap
352,"BOMBAY DYEING & MFG. CO. LTD.,",INE032A01023,BOMDYEING,BOMDYEING,5312,Small Cap
353,DISHMAN CARBOGEN AMCIS LIMITED,INE385W01011,DCAL,DCAL,5311,Small Cap
354,ECLERX SERVICES LIMITED,INE738I01010,ECLERX,ECLERX,5306,Small Cap
355,"GUJARAT ALKALIS & CHEMICALS LTD.,",INE186A01019,GUJALKALI,GUJALKALI,5262,Small Cap
356,IFB INDUSTRIES LIMITED,INE559A01017,IFBIND,IFBIND,5242,Small Cap
357,TIMKEN INDIA LTD,INE325A01013,TATATIMKEN,TIMKEN,5238,Small Cap
358,JAGRAN PRAKASHAN LIMITED,INE199G01027,JAGRAN,JAGRAN,5158,Small Cap
359,CHENNAI PETROLEUM CORPORATION LTD.,INE178A01016,CHENNPETRO,CHENNPETRO,5143,Small Cap
360,INDOSTAR CAPITAL FINANCE LIMITED,INE896L01010,INDOSTAR,INDOSTAR,5140,Small Cap
361,GALAXY SURFACTANTS LIMITED,INE600K01018,GALAXYSURF,GALAXYSURF,5133,Small Cap
362,EQUITAS HOLDINGS LIMITED,INE988K01017,EQUITAS,EQUITAS,5133,Small Cap
363,GUJARAT STATE FERTILIZERS & CHEM.LTD,INE026A01025,GSFC,GSFC,5111,Small Cap
364,K.P.R. MILL LTD.,INE930H01023,KPRMILL,KPRMILL,5107,Small Cap
365,"E.I.D. PARRY (INDIA) LTD.,",INE126A01031,EIDPARRY,EIDPARRY,5084,Small Cap
366,SOBHA LIMITED,INE671H01015,SOBHA,SOBHA,5082,Small Cap
367,CG POWER AND INDUSTRIAL SOLUTIONS LIMITED,INE067A01029,CGPOWER,CGPOWER,4991,Small Cap
368,RADICO KHAITAN LTD.,INE944F01028,RADICO,RADICO,4966,Small Cap
369,ISGEC HEAVY ENGINEERING LIMITED,INE858B01011,ISGEC,,4960,Small Cap
370,KIRLOSKAR OIL ENGINES LIMITED,INE146L01010,KIRLOSENG,KIRLOSENG,4956,Small Cap
371,APL APOLLO TUBES LIMITED,INE702C01019,APLAPOLLO,APLAPOLLO,4854,Small Cap
372,BEML LTD,INE258A01016,BEML,BEML,4787,Small Cap
373,SOUTH INDIAN BANK LTD.,INE683A01023,SOUTHBANK,SOUTHBANK,4784,Small Cap
374,INDIAN ENERGY EXCHANGE LIMITED,INE022Q01012,IEX,IEX,4777,Small Cap
375,"VST INDUSTRIES LTD.,",INE710A01016,VSTIND,VSTIND,4773,Small Cap
376,SHOPPERS STOP LTD,INE498B01024,SHOPERSTOP,SHOPERSTOP,4766,Small Cap
377,JK LAKSHMI CEMENT LIMITED,INE786A01032,JKLAKSHMI,JKLAKSHMI,4753,Small Cap
378,ZYDUS WELLNESS LIMITED,INE768C01010,ZYDUSWELL,ZYDUSWELL,4736,Small Cap
379,"VINATI ORGANICS LTD.,",INE410B01029,VINATIORGA,VINATIORGA,4703,Small Cap
380,ZENSAR TECHNOLOGIES LTD.,INE520A01019,ZENSARTECH,ZENSARTECH,4701,Small Cap
381,POLARIS CONSULTING & SERVICES LIMITED,INE763A01023,POLARIS,POLARIS,4696,Small Cap
382,SADBHAV INFRASTRUCTURE PROJECT LIMITED,INE764L01010,SADBHIN,SADBHIN,4663,Small Cap
383,TUBE INVESTMENTS OF INDIA LTD,INE974X01010,TIINDIA,TIINDIA,4643,Small Cap
384,VENKY'S (INDIA) LTD.,INE398A01010,VENKYS,VENKEYS,4628,Small Cap
385,KPIT TECHNOLOGIES LIMITED,INE836A01035,KPIT,KPIT,4620,Small Cap
386,UJJIVAN FINANCIAL SERVICES LIMITED,INE334L01012,UJJIVAN,UJJIVAN,4611,Small Cap
387,MONSANTO INDIA LTD.,INE274B01011,MONSANTO,MONSANTO,4596,Small Cap
388,RATNAMANI METALS & TUBES LTD,INE703B01027,RATNAMANI,RATNAMANI,4572,Small Cap
389,GULF OIL LUBRICANTS INDIA LIMITED,INE635Q01029,GULFOILLUB,GULFOILLUB,4571,Small Cap
390,ASHOKA BUILDCON LIMITED,INE442H01029,ASHOKA,ASHOKA,4566,Small Cap
391,"INDIA CEMENTS LTD.,",INE383A01012,INDIACEM,INDIACEM,4561,Small Cap
392,"ELGI EQUIPMENTS LTD.,",INE285A01027,ELGIEQUIP,ELGIEQUIP,4555,Small Cap
393,ADANI GREEN ENERGY LIMITED,INE364U01010,ADANIGREEN,ADANIGREEN,4542,Small Cap
394,FORBES & COMPANY LTD,INE518A01013,FORBESCO,,4539,Small Cap
395,SITAL LEASING AND FINANCE LIMITED,INE341O01029,,,4523,Small Cap
396,"TATA INVESTMENT CORPORATION LTD.,",INE672A01018,TATAINVEST,TATAINVEST,4511,Small Cap
397,JAIPRAKASH ASSOCIATES LIMITED,INE455F01025,JPASSOCIAT,JPASSOCIAT,4505,Small Cap
398,BSE LTD.,INE118H01025,,BSE,4493,Small Cap
399,SWAN ENERGY LTD.,INE665A01038,SWANENERGY,SWANENERGY,4485,Small Cap
400,RASHTRIYA CHEMICALS & FERTILIZERS LIMITED,INE027A01015,RCF,RCF,4484,Small Cap
401,FDC LTD.,INE258B01022,FDC,FDC,4480,Small Cap
402,LUX INDUSTRIES LIMITED,INE150G01020,LUXIND,LUXIND,4478,Small Cap
403,"GODFREY PHILLIPS INDIA LTD.,",INE260B01028,GODFRYPHLP,GODFRYPHLP,4457,Small Cap
404,RALLIS INDIA LTD,INE613A01020,RALLIS,RALLIS,4431,Small Cap
405,PNC INFRATECH LIMITED,INE195J01029,PNCINFRA,PNCINFRA,4423,Small Cap
406,UCO BANK,INE691A01018,UCOBANK,UCOBANK,4422,Small Cap
407,JINDAL STAINLESS LIMITED,INE220G01021,JSL,JSL,4350,Small Cap
408,CAPLIN POINT LABORATORIES LTD.,INE475E01026,CAPPL,CAPLIPOINT,4340,Small Cap
409,JINDAL STAINLESS (HISAR) LIMITED,INE455T01018,JSLHISAR,JSLHISAR,4301,Small Cap
410,GUJARAT MINERAL DEVELOPMENT CORPORA,INE131A01031,GMDCLTD,GMDCLTD,4287,Small Cap
411,MAHINDRA HOLIDAYS & RESORTS INDIA LIMITED,INE998I01010,MHRIL,MHRIL,4287,Small Cap
412,ALLAHABAD BANK,INE428A01015,ALBK,ALBK,4281,Small Cap
413,ORIENTAL BANK OF COMMERCE,INE141A01014,ORIENTBANK,ORIENTBANK,4217,Small Cap
414,CORPORATION BANK,INE112A01023,CORPBANK,CORPBANK,4211,Small Cap
415,TEAMLEASE SERVICES LIMITED,INE985S01024,TEAMLEASE,TEAMLEASE,4197,Small Cap
416,CERA SANITARYWARE LTD.,INE739E01017,CERA,CERA,4187,Small Cap
417,MAGMA FINCORP  LIMITED,INE511C01022,MAGMA,MAGMA,4175,Small Cap
418,KNR CONSTRUCTIONS LIMITED,INE634I01029,KNRCON,KNRCON,4175,Small Cap
419,SREI INFRASTRUCTURE FINANCE LIMITED,INE872A01014,SREINFRA,SREINFRA,4174,Small Cap
420,ANDHRA BANK,INE434A01013,ANDHRABANK,ANDHRABANK,4151,Small Cap
421,ESSEL PROPACK LTD.,INE255A01020,ESSELPRO,ESSELPACK,4148,Small Cap
422,COX & KINGS LIMITED,INE008I01026,COX&KINGS,COX&KINGS,4136,Small Cap
423,MANPASAND BEVERAGES LIMITED,INE122R01018,MANPASAND,MANPASAND,4118,Small Cap
424,OMAXE LIMITED,INE800H01010,OMAXE,OMAXE,4100,Small Cap
425,LINDE INDIA LIMITED,INE473A01011,BOCINDIA,LINDEINDIA,4070,Small Cap
426,"PHILLIPS CARBON BLACK LTD.,",INE602A01023,PHILIPCARB,PHILIPCARB,4023,Small Cap
427,SHANKARA BUILDING PRODUCTS LIMITED,INE274V01019,SHANKARA,SHANKARA,4008,Small Cap
428,MULTI COMMODITY EXCHANGE OF INDIA LTD,INE745G01035,MCX,,4004,Small Cap
429,NESCO LTD,INE317F01035,NESCO,NESCO,4001,Small Cap
430,JINDAL SAW LTD.,INE324A01024,JINDALSAW,JINDALSAW,3962,Small Cap
431,SUPRAJIT ENGINEERING LTD.,INE399C01030,SUPRAJIT,SUPRAJIT,3958,Small Cap
432,MINDA CORPORATION LIMITED,INE842C01021,MINDACORP,MINDACORP,3955,Small Cap
433,DIXON TECHNOLOGIES (INDIA) LIMITED,INE935N01012,DIXON,DIXON,3936,Small Cap
434,WELSPUN CORP LIMITED,INE191B01025,WELSPUNGUJR,WELCORP,3935,Small Cap
435,TECHNO ELECTRIC AND ENGINEERING CO LTD,INE286K01024,TECHNO,TECHNO,3931,Small Cap
436,FIRSTSOURCE SOLUTIONS LTD.,INE684F01012,FSL,FSL,3930,Small Cap
437,CCL PRODUCTS (INDIA) LTD.,INE421D01022,CCL,CCL,3889,Small Cap
438,CARE RATINGS LIMITED,INE752H01013,CARERATING,CARERATING,3882,Small Cap
439,GREENPLY INDUSTRIES LTD,INE461C01038,GREENPLY,GREENPLY,3867,Small Cap
440,ALLCARGO LOGISTICS LTD,INE418H01029,ALLCARGO,ALLCARGO,3837,Small Cap
441,FORCE MOTORS LIMITED,INE451A01017,FORCEMOT,,3837,Small Cap
442,INDIA TOURISM DEVELOPMENT CORPORATI,INE353K01014,ITDC,ITDC,3836,Small Cap
443,SHILPA MEDICARE LTD.,INE790G01031,SHILPAMED,SHILPAMED,3835,Small Cap
444,TIME TECHNOPLAST LIMITED,INE508G01029,TIMETECHNO,TIMETECHNO,3792,Small Cap
445,S H KELKAR AND COMPANY LIMITED,INE500L01026,SHK,SHK,3779,Small Cap
446,NAVIN FLUORINE INTERNATIONAL LIMITED,INE048G01026,NAVINFLUOR,NAVINFLUOR,3746,Small Cap
447,TRIVENI TURBINE LIMITED,INE152M01016,TRITURBINE,TRITURBINE,3730,Small Cap
448,REPCO HOME FINANCE LIMITED,INE612J01015,REPCOHOME,REPCOHOME,3725,Small Cap
449,SHARDA CROPCHEM LIMITED,INE221J01015,SHARDACROP,SHARDACROP,3677,Small Cap
450,ICRA LIMITED,INE725G01011,ICRA,ICRA,3665,Small Cap
451,SINTEX PLASTICS TECHNOLOGY LTD.,INE501W01021,SINTEXPLAST,SPTL,3660,Small Cap
452,GAYATRI PROJECTS LIMITED,INE336H01023,GAYAPROJ,GAYAPROJ,3652,Small Cap
453,SHRIRAM PISTONS & RINGS LTD.,INE526E01018,,SHRIPISTON,3639,Small Cap
454,BRIGADE ENTERPRISES LIMITED,INE791I01019,BRIGADE,BRIGADE,3633,Small Cap
455,IFCI LTD.,INE039A01010,IFCI,IFCI,3629,Small Cap
456,VRL LOGISTICS LIMITED,INE366I01010,VRLLOG,VRLLOG,3627,Small Cap
457,KARNATAKA BANK LTD.,INE614B01018,KTKBANK,KTKBANK,3625,Small Cap
458,MAHINDRA LOGISTICS LIMITED,INE766P01016,MAHLOG,MAHLOG,3624,Small Cap
459,V-MART RETAIL LIMITED,INE665J01013,VMART,VMART,3569,Small Cap
460,EXCEL CROP CARE LTD.,INE223G01017,EXCELCROP,EXCELCROP,3564,Small Cap
461,HIMACHAL FUTURISTIC COMMUNICATIONS,INE548A01028,HFCL$,HFCL,3557,Small Cap
462,"HIMATSINGKA SEIDE LTD.,",INE049A01027,HIMATSEIDE,HIMATSEIDE,3551,Small Cap
463,TRIDENT LTD,INE064C01014,TRIDENT,TRIDENT,3532,Small Cap
464,RANE HOLDINGS LTD.,INE384A01010,RANEHOLDIN,RANEHOLDIN,3497,Small Cap
465,JAMMU AND KASHMIR BANK LTD.,INE168A01041,J&KBANK,J&KBANK,3493,Small Cap
466,AMBER ENTERPRISES INDIA LIMITED,INE371P01015,AMBER,AMBER,3475,Small Cap
467,JK TYRE & INDUSTRIES LTD.,INE573A01042,JKTYRE,JKTYRE,3460,Small Cap
468,HEIDELBERGCEMENT  INDIA LIMITED,INE578A01017,HEIDELBERG,HEIDELBERG,3440,Small Cap
469,DEEPAK NITRITE LIMITED,INE288B01029,DEEPAKNI,DEEPAKNTR,3431,Small Cap
470,RUPA & COMPANY LIMITED,INE895B01021,RUPA,RUPA,3405,Small Cap
471,"JAMNA AUTO INDUSTRIES LTD.,",INE039C01032,JAMNAAUTO,JAMNAAUTO,3390,Small Cap
472,THYROCARE TECHNOLOGIES LIMITED,INE594H01019,THYROCARE,THYROCARE,3389,Small Cap
473,KAVERI SEED COMPANY LTD,INE455I01029,KSCL,KSCL,3383,Small Cap
474,SONATA SOFTWARE LTD.,INE269A01021,SONATSOFTW,SONATSOFTW,3383,Small Cap
475,SHIPPING CORPORATION OF INDIA LTD,INE109A01011,SCI,SCI,3361,Small Cap
476,ENTERTAINMENT NETWORK (INDIA) LTD,INE265F01028,ENIL,ENIL,3354,Small Cap
477,PURAVANKARA LIMITED,INE323I01011,PURVA,PURVA,3353,Small Cap
478,JUST DIAL LIMITED,INE599M01018,JUSTDIAL,JUSTDIAL,3346,Small Cap
479,HERITAGE FOODS LIMITED,INE978A01027,HERITGFOOD,HERITGFOOD,3336,Small Cap
480,NAVNEET EDUCATION LIMITED,INE060A01024,NAVNETEDUL,NAVNETEDUL,3302,Small Cap
481,RELIANCE HOME FINANCE LIMITED,INE217K01011,RELHOME,RHFL,3297,Small Cap
482,MAS FINANCIAL SERVICES LIMITED,INE348L01012,MASFIN,MASFIN,3296,Small Cap
483,NOCIL LTD,INE163A01018,NOCIL,NOCIL,3250,Small Cap
484,LA OPALA RG LTD.,INE059D01020,LAOPALA,LAOPALA,3246,Small Cap
485,SUPREME PETROCHEM LTD.,INE663A01017,SUPPETRO,SUPPETRO,3242,Small Cap
486,MAHARASHTRA SEAMLESS LTD.,INE271B01025,MAHSEAMLES,MAHSEAMLES,3210,Small Cap
487,"SUDARSHAN CHEMICAL INDUS. LTD.,",INE659A01023,SUDARSCHEM,SUDARSCHEM,3208,Small Cap
488,KEI INDUSTRIES LTD.,INE878B01027,KEI,KEI,3204,Small Cap
489,CENTRAL DEPOSITORY SERVICES (INDIA) LTD.,INE736A01011,,CDSL,3182,Small Cap
490,TEJAS NETWORKS LIMITED,INE010J01012,TEJASNET,TEJASNET,3170,Small Cap
491,GREAVES COTTON LTD.,INE224A01026,GREAVESCOT,GREAVESCOT,3166,Small Cap
492,DHANUKA AGRITECH LTD.,INE435G01025,DHANUKA,DHANUKA,3119,Small Cap
493,JAIPRAKASH POWER VENTURES LIMITED,INE351F01018,JPHYDRO,JPPOWER,3091,Small Cap
494,"SIYARAM SILK MILLS LTD.,",INE076B01028,SIYSIL,SIYSIL,3079,Small Cap
495,DEEPAK FERTILIZERS &PETROCHEMICALS,INE501A01019,DEEPAKFERT,DEEPAKFERT,3021,Small Cap
496,DENA BANK,INE077A01010,DENABANK,DENABANK,3020,Small Cap
497,"PRAKASH INDUSTRIES LTD.,",INE603A01013,PRAKASH,PRAKASH,3010,Small Cap
498,PRATAAP SNACKS LIMITED,INE393P01035,DIAMONDYD,DIAMONDYD,2949,Small Cap
499,MERCK LTD.,INE199A01012,MERCK,MERCK,2941,Small Cap
500,APAR INDUSTRIES LTD,INE372A01015,APARINDS,APARINDS,2927,Small Cap
501,HATHWAY CABLE & DATACOM LIMITED,INE982F01036,HATHWAY,HATHWAY,2905,Small Cap
502,"MAHARASHTRA SCOOTERS LTD.,",INE288A01013,MAHSCOOTER,MAHSCOOTER,2903,Small Cap
503,"BHANSALI ENGINEERING POLYMERS LTD.,",INE922A01025,BEPL,BEPL,2892,Small Cap
504,PRIME FOCUS LIMITED,INE367G01038,PFOCUS,PFOCUS,2891,Small Cap
505,ORIENT CEMENT LIMITED,INE876N01018,ORIENTCEM,ORIENTCEM,2888,Small Cap
506,"NATIONAL FERTILIZERS LTD.,",INE870D01012,NFL,NFL,2875,Small Cap
507,ITD CEMENTATION INDIA LTD,INE686A01026,ITDCEM,ITDCEM,2871,Small Cap
508,GUJARAT AMBUJA EXPORTS LTD.,INE036B01022,GAEL,GAEL,2870,Small Cap
509,KSB PUMPS LIMITED.,INE999A01015,KSBPUMPS,KSBPUMPS,2859,Small Cap
510,KUSHAL LIMITED,INE647N01021,KUSHAL,,2850,Small Cap
511,GREENLAM INDUSTRIES LTD,INE544R01013,GRNLAMIND,GREENLAM,2841,Small Cap
512,GHCL LTD.,INE539A01019,GHCL,GHCL,2841,Small Cap
513,LAKSHMI VILAS BANK LTD,INE694C01018,LAKSHVILAS,LAKSHVILAS,2818,Small Cap
514,SOMANY CERAMICS LIMITED,INE355A01028,SOMANYCERA,SOMANYCERA,2814,Small Cap
515,PTC INDIA LTD,INE877F01012,PTC,PTC,2812,Small Cap
516,VA TECH WABAG LIMITED,INE956G01038,WABAG,WABAG,2801,Small Cap
517,SIMPLEX INFRASTRUCTURES LIMITED,INE059B01024,SIMPLEXINF,SIMPLEXINF,2798,Small Cap
518,JAI CORP LIMITED,INE070D01027,JAICORPLTD,JAICORPLTD,2789,Small Cap
519,DPSC LTD.,INE360C01024,,DPSCLTD,2775,Small Cap
520,ASTRAZENECA PHARMA INDIA LTD.,INE203A01020,ASTRAZEN,ASTRAZEN,2771,Small Cap
521,HSIL LIMITED,INE415A01038,HSIL,HSIL,2771,Small Cap
522,KAMA HOLDINGS LIMITED,INE411F01010,SRFPOLY,,2765,Small Cap
523,T.V.TODAY NETWORK LIMITED,INE038F01029,TVTODAY,TVTODAY,2752,Small Cap
524,LT FOODS LIMITED,INE818H01020,DAAWAT,DAAWAT,2743,Small Cap
525,ORIENT ELECTRIC LIMITED,INE142Z01019,ORIENTELEC,ORIENTELEC,2742,Small Cap
526,GRANULES INDIA LTD.,INE101D01020,GRANULES,GRANULES,2739,Small Cap
527,SANGHI INDUSTRIES LTD.,INE999B01013,SANGHIIND,SANGHIIND,2716,Small Cap
528,FUTURE SUPPLY CHAIN SOLUTIONS LIMITED,INE935Q01015,FSC,FSC,2709,Small Cap
529,TAKE SOLUTIONS LTD,INE142I01023,TAKE,TAKE,2706,Small Cap
530,"GOODYEAR INDIA LTD.,",INE533A01012,GOODYEAR,,2705,Small Cap
531,ADVANCED ENZYME TECHNOLOGIES LIMITED,INE837H01020,ADVENZYMES,ADVENZYMES,2700,Small Cap
532,"HINDUSTAN CONSTRUCTION CO. LTD.,",INE549A01026,HCC,HCC,2687,Small Cap
533,SCHNEIDER ELECTRIC INFRASTRUCTURE LIMITED,INE839M01018,SCHNEIDER,SCHNEIDER,2683,Small Cap
534,VESUVIUS INDIA LTD.,INE386A01015,VESUVIUS,VESUVIUS,2661,Small Cap
535,INOX LEISURE LIMITED,INE312H01016,INOXLEISUR,INOXLEISUR,2636,Small Cap
536,FEDERAL-MOGUL GOETZE (INDIA) LTD,INE529A01010,FMGOETZE,FMGOETZE,2629,Small Cap
537,"TVS SRICHAKRA LTD.,",INE421C01016,TVSSRICHAK,TVSSRICHAK,2623,Small Cap
538,"BALMER LAWRIE & CO. LTD.,",INE164A01016,BALMLAWRIE,BALMLAWRIE,2606,Small Cap
539,HEALTHCARE GLOBAL ENTERPRISES LIMITED,INE075I01017,HCG,HCG,2602,Small Cap
540,NAVA BHARAT VENTURES LTD,INE725A01022,NBVENTURES,NBVENTURES,2596,Small Cap
541,WHEELS INDIA LTD,INE715A01015,WHEELS,WHEELS,2593,Small Cap
542,GOCL CORPORATION LIMITED,INE077F01035,GOCLCORP,GOCLCORP,2583,Small Cap
543,UFLEX LIMITED,INE516A01017,UFLEX,UFLEX,2573,Small Cap
544,NILKAMAL LIMITED,INE310A01015,NILKAMAL,NILKAMAL,2573,Small Cap
545,BANK OF MAHARASHTRA,INE457A01014,MAHABANK,MAHABANK,2564,Small Cap
546,RAMKRISHNA FORGINGS LTD.,INE399G01015,RKFORGE,RKFORGE,2544,Small Cap
547,J.B. CHEMICALS & PHARMACEUTICALS LT,INE572A01028,JBCHEPHARM,JBCHEPHARM,2543,Small Cap
548,INOX WIND LIMITED,INE066P01011,INOXWIND,INOXWIND,2542,Small Cap
549,MISHRA DHATU NIGAM LIMITED,INE099Z01011,MIDHANI,MIDHANI,2542,Small Cap
550,AHLUWALIA CONTRACTS (INDIA) LTD,INE758C01029,AHLUCONT,AHLUCONT,2526,Small Cap
551,NAVKAR CORPORATION LIMITED,INE278M01019,NAVKARCORP,NAVKARCORP,2517,Small Cap
552,GTL INFRASTRUCTURE LIMITED,INE221H01019,GTLINFRA,GTLINFRA,2514,Small Cap
553,GVK POWER & INFRASTRUCTURE LTD,INE251H01024,GVKPIL,GVKPIL,2512,Small Cap
554,EVEREADY INDUSTRIES INDIA LTD.,INE128A01029,EVEREADY,EVEREADY,2509,Small Cap
555,MEGHMANI ORGANICS LTD.,INE974H01013,MEGH,MEGH,2509,Small Cap
556,SHRIRAM EPC LIMITED,INE964H01014,SEPC,SHRIRAMEPC,2508,Small Cap
557,MAHINDRA LIFESPACE DEVELOPERS LTD.,INE813A01018,MAHLIFE,MAHLIFE,2505,Small Cap
558,"UNICHEM LABORATORIES LTD.,",INE351A01035,UNICHEMLAB,UNICHEMLAB,2502,Small Cap
559,MAX INDIA LTD.,INE153U01017,MAXINDIA,MAXINDIA,2501,Small Cap
560,TAMIL NADU NEWSPRINT AND PAPERS LTD,INE107A01015,TNPL,TNPL,2494,Small Cap
561,"KIRLOSKAR BROTHERS LTD.,",INE732A01036,KIRLOSBROS,KIRLOSBROS,2494,Small Cap
562,WELSPUN ENTERPRISES LIMITED,INE625G01013,WELENT,WELENT,2479,Small Cap
563,PARAG MILK FOODS LIMITED,INE883N01014,PARAGMILK,PARAGMILK,2478,Small Cap
564,CENTRUM CAPITAL LIMITED,INE660C01027,CENTRUM,CENTRUM,2477,Small Cap
565,IGARASHI MOTORS INDIA LTD.,INE188B01013,IGARASHI,IGARASHI,2467,Small Cap
566,SUVEN LIFE SCIENCES LTD.,INE495B01038,SUVEN,SUVEN,2464,Small Cap
567,HUHTAMAKI PPL LIMITED,INE275B01026,PAPERPROD,PAPERPROD,2461,Small Cap
568,JINDAL WORLDWIDE LTD.,INE247D01021,JINDWORLD,JINDWORLD,2455,Small Cap
569,TATA COFFEE LTD,INE493A01027,TATACOFFEE,TATACOFFEE,2448,Small Cap
570,KOLTE-PATIL DEVELOPERS LTD,INE094I01018,KOLTEPATIL,KOLTEPATIL,2447,Small Cap
571,SWARAJ ENGINES LTD.,INE277A01016,SWARAJENG,SWARAJENG,2442,Small Cap
572,JK PAPER LTD.,INE789E01012,JKPAPER,JKPAPER,2432,Small Cap
573,SUNDARAM FINANCE HOLDINGS LTD.,INE202Z01029,,SUNDARMHLD,2405,Small Cap
574,INTELLECT DESIGN ARENA LIMITED,INE306R01017,INTELLECT,INTELLECT,2356,Small Cap
575,MAITHAN ALLOYS LIMITED,INE683C01011,MAITHANALL,MAITHANALL,2355,Small Cap
576,GEOJIT FINANCIAL SERVICES LIMITED,INE007B01023,GEOJITFSL,GEOJITFSL,2348,Small Cap
577,VISHAL FABRICS LIMITED,INE755Q01025,VISHAL,,2347,Small Cap
578,"TINPLATE COMPANY OF INDIA LTD.,",INE422C01014,TINPLATE,TINPLATE,2338,Small Cap
579,SANDHAR TECHNOLOGIES LIMITED,INE278H01035,SANDHAR,SANDHAR,2317,Small Cap
580,V.S.T.TILLERS TRACTORS LTD.,INE764D01017,VSTTILLERS,VSTTILLERS,2289,Small Cap
581,SHALBY LIMITED,INE597J01018,SHALBY,SHALBY,2285,Small Cap
582,VAIBHAV GLOBAL LTD,INE884A01019,VAIBHAVG,VAIBHAVGBL,2281,Small Cap
583,GABRIEL INDIA LTD.,INE524A01029,GABRIEL,GABRIEL,2266,Small Cap
584,"AUTOMOTIVE AXLES LTD.,",INE449A01011,AUTOAXLES,AUTOAXLES,2265,Small Cap
585,RAMCO INDUSTRIES LTD,INE614A01028,RAMCOIND,RAMCOIND,2260,Small Cap
586,CAPACIT'E INFRAPROJECTS LIMITED,INE264T01014,CAPACITE,CAPACITE,2258,Small Cap
587,OPTIEMUS INFRACOM LIMITED,INE350C01017,OPTIEMUS,OPTIEMUS,2256,Small Cap
588,RELIANCE NAVAL AND ENGINEERING LIMITED,INE542F01012,RNAVAL,RNAVAL,2255,Small Cap
589,SKIPPER LIMITED,INE439E01022,SKIPPER,SKIPPER,2240,Small Cap
590,INGERSOLL-RAND (INDIA) LTD.,INE177A01018,INGERRAND,INGERRAND,2236,Small Cap
591,TIDE WATER OIL (INDIA) LTD.,INE484C01022,TIDEWATER,TIDEWATER,2230,Small Cap
592,MAYUR UNIQUOTERS LTD.,INE040D01038,MAYURUNIQ,MAYURUNIQ,2210,Small Cap
593,J. KUMAR INFRAPROJECTS LIMITED,INE576I01022,JKIL,JKIL,2209,Small Cap
594,UNITED BANK OF INDIA,INE695A01019,UNITEDBNK,UNITEDBNK,2209,Small Cap
595,POLY MEDICURE LTD,INE205C01021,POLYMED,POLYMED,2189,Small Cap
596,"GARWARE WALL ROPES LTD.,",INE276A01018,GARWALLROP,GARWALLROP,2189,Small Cap
597,QUICK HEAL TECHNOLOGIES LIMITED,INE306L01010,QUICKHEAL,QUICKHEAL,2180,Small Cap
598,"BANNARI AMMAN SUGARS LTD.,",INE459A01010,BANARISUG,BANARISUG,2179,Small Cap
599,GIC HOUSING FINANCE LTD.,INE289B01019,GICHSGFIN,GICHSGFIN,2171,Small Cap
600,DOLLAR INDUSTRIES LIMITED ,INE325C01035,DOLLAR,DOLLAR,2159,Small Cap
601,SHREE RENUKA SUGARS LTD.,INE087H01022,RENUKA,RENUKA,2159,Small Cap
602,PILANI INVESTMENT AND INDUSTRIES CORPORATION LIMITED,INE417C01014,PILANIINVS,PILANIINVS,2156,Small Cap
603,SURABHI CHEMICALS & INVESTMENTS LTD,INE401F01037,SURCHIN,,2150,Small Cap
604,IL&FS TRANSPORTATION NETWORKS LIMITED,INE975G01012,IL&FSTRANS,IL&FSTRANS,2143,Small Cap
605,TRANSPORT CORPORATION OF INDIA LTD,INE688A01022,TCI,TCI,2143,Small Cap
606,BHARAT RASAYAN LIMITED,INE838B01013,BHARATRAS,BHARATRAS,2139,Small Cap
607,BALRAMPUR CHINI MILLS LTD.,INE119A01028,BALRAMCHIN,BALRAMCHIN,2136,Small Cap
608,8K MILES SOFTWARE SERVICES LIMITED,INE650K01021,8KMILES,8KMILES,2132,Small Cap
609,GATEWAY DISTRIPARKS LTD.,INE852F01015,GDL,GDL,2129,Small Cap
610,INDOCO REMEDIES LTD.,INE873D01024,INDOCO,INDOCO,2128,Small Cap
611,"TASTY BITE EATABLES LTD.,",INE488B01017,TASTYBIT,TASTYBITE,2113,Small Cap
612,MUSIC BROADCAST LIMITED,INE919I01016,RADIOCITY,RADIOCITY,2096,Small Cap
613,IG PETROCHEMICALS LTD,INE204A01010,IGPL,IGPL,2094,Small Cap
614,JTEKT INDIA LIMITED,INE643A01035,JTEKTINDIA,JTEKTINDIA,2093,Small Cap
615,"BOROSIL GLASS WORKS LTD.,",INE666D01022,BOROSIL,BOROSIL,2072,Small Cap
616,HT MEDIA LTD,INE501G01024,HTMEDIA,HTMEDIA,2065,Small Cap
617,FUTURE ENTERPRISES LIMITED,INE623B01027,FEL,FEL,2060,Small Cap
618,BALAJI AMINES LTD.,INE050E01027,BALAMINES,BALAMINES,2059,Small Cap
619,"SURYA ROSHNI LTD.,",INE335A01012,SURYAROSNI,SURYAROSNI,2053,Small Cap
620,WONDERLA HOLIDAYS LIMITED,INE066O01014,WONDERLA,WONDERLA,2050,Small Cap
621,"LUMAX INDUSTRIES LTD.,",INE162B01018,LUMAXIND,LUMAXIND,2047,Small Cap
622,BENGAL & ASSAM COMPANY LIMITED,INE083K01017,BENGALASM,,2042,Small Cap
623,SAVITA OIL TECHNOLOGIES LIMITED,INE035D01012,SOTL,SOTL,2036,Small Cap
624,TATA METALIKS LTD,INE056C01010,TATAMETALI,TATAMETALI,2029,Small Cap
625,H.G. INFRA ENGINEERING LIMITED,INE926X01010,HGINFRA,HGINFRA,2026,Small Cap
626,ORIENT REFRACTORIES LTD.,INE743M01012,ORIENTREF,ORIENTREF,2020,Small Cap
627,JSW HOLDINGS LIMITED,INE824G01012,JSWHL,JSWHL,2011,Small Cap
628,JMC PROJECTS (INDIA) LTD.,INE890A01016,JMCPROJECT,JMCPROJECT,2007,Small Cap
629,APEX FROZEN FOODS LIMITED,INE346W01013,APEX ,APEX,2006,Small Cap
630,BLISS GVS PHARMA LIMITED,INE416D01022,BLISSGVS,BLISSGVS,2004,Small Cap
631,TCI EXPRESS LIMITED,INE586V01016,TCIEXP,TCIEXP,1999,Small Cap
632,DEN NETWORKS LIMITED,INE947J01015,DEN,DEN,1994,Small Cap
633,ACCELYA KALE SOLUTIONS LIMITD,INE793A01012,KALECONSUL,ACCELYA,1991,Small Cap
634,ZUARI AGRO CHEMICALS LIMITED,INE840M01016,ZUARI,ZUARI,1987,Small Cap
635,ACTION CONSTRUCTION EQUIPMENTS LTD.,INE731H01025,ACE,ACE,1967,Small Cap
636,"SUBROS LTD.,",INE287B01021,SUBROS,SUBROS,1966,Small Cap
637,KEWAL KIRAN CLOTHING LTD.,INE401H01017,KKCL,KKCL,1959,Small Cap
638,SATIN CREDITCARE NETWORK LIMITED,INE836B01017,SATIN,SATIN,1951,Small Cap
639,EMRALD COMMERCIAL LIMITED,INE162D01014,,,1948,Small Cap
640,"THIRUMALAI CHEMICALS LTD.,",INE338A01016,TIRUMALCHM,TIRUMALCHM,1942,Small Cap
641,TEXMACO RAIL & ENGINEERING LIMITED,INE621L01012,TEXRAIL,TEXRAIL,1934,Small Cap
642,HMT LIMITED,INE262A01018,HMT,HMT,1930,Small Cap
643,SAGAR CEMENTS LTD,INE229C01013,SAGCEM,SAGCEM,1918,Small Cap
644,HIKAL LTD.,INE475B01022,HIKAL,HIKAL,1907,Small Cap
645,INDIABULLS INTEGRATED SERVICES LIMITED,INE126M01010,IBULISL,IBULISL,1867,Small Cap
646,PSP PROJECTS LIMITED,INE488V01015,PSPPROJECT,PSPPROJECT,1859,Small Cap
647,MATRIMONY.COM LIMITED,INE866R01028,MATRIMONY,MATRIMONY,1858,Small Cap
648,HINDUJA GLOBAL SOLUTIONS LIMITED,INE170I01016,HGS,HGS,1849,Small Cap
649,WEST COAST PAPER MILLS LIMITED,INE976A01021,WSTCSTPAPR,WSTCSTPAPR,1843,Small Cap
650,INDO COUNT INDUSTRIES LTD,INE483B01026,ICIL,ICIL,1838,Small Cap
651,"NIRLON LIMITED,",INE910A01012,NIRLON,,1837,Small Cap
652,STEEL STRIPS & WHEELS LTD,INE802C01017,SSWL,SSWL,1821,Small Cap
653,ASIAN STAR CO. LTD.,INE194D01017,ASTAR,,1817,Small Cap
654,"DREDGING CORPORATION OF INDIA LTD.,",INE506A01018,DREDGECORP,DREDGECORP,1817,Small Cap
655,BLS INTERNATIONAL SERVICES LTD,INE153T01027,BLS,BLS,1808,Small Cap
656,ZEE MEDIA CORPORATION LIMITED,INE966H01019,ZEEMEDIA,ZEEMEDIA,1802,Small Cap
657,FERTILIZERS AND CHEMICALS TRAVANCORE LIMITED,INE188A01015,FACT,FACT,1789,Small Cap
658,HOUSING DEVELOPMENT & INFRASTRUCTURE  LTD,INE191I01012,HDIL,HDIL,1786,Small Cap
659,L.G.BALKRISHNAN & BROS. LTD.,INE337A01034,LGBBROSLTD,LGBBROSLTD,1780,Small Cap
660,SEQUENT SCIENTIFIC LIMITED,INE807F01027,SEQUENT,SEQUENT,1776,Small Cap
661,PUNJAB & SIND BANK,INE608A01012,PSB,PSB,1772,Small Cap
662,JBM AUTO LIMITED,INE927D01028,JBMA,JBMA,1766,Small Cap
663,PRABHAT DAIRY LIMITED,INE302M01033,PRABHAT,PRABHAT,1752,Small Cap
664,MCLEOD RUSSEL INDIA LIMITED,INE942G01012,MCLEODRUSS*,MCLEODRUSS,1751,Small Cap
665,ARSHIYA LIMITED,INE968D01022,ARSHIYA,ARSHIYA,1748,Small Cap
666,"BALLARPUR INDUSTRIES LTD.,",INE294A01037,BALLARPUR,BALLARPUR,1748,Small Cap
667,KENNAMETAL INDIA LIMTIED,INE717A01029,WIDIA,,1737,Small Cap
668,PTC INDIA FINANCIAL SERVICES LIMITED,INE560K01014,PFS,PFS,1728,Small Cap
669,CAPRI GLOBAL CAPITAL LIMITED,INE180C01026,MONEYMATF,CGCL,1708,Small Cap
670,PRAJ INDUSTRIES LTD.,INE074A01025,PRAJIND,PRAJIND,1708,Small Cap
671,HCL INFOSYSTEMS LTD,INE236A01020,HCL-INSYS,HCL-INSYS,1700,Small Cap
672,GODAWARI POWER AND ISPAT LTD.,INE177H01013,GPIL,GPIL,1697,Small Cap
673,PANACEA BIOTEC LTD.,INE922B01023,PANACEABIO,PANACEABIO,1694,Small Cap
674,"NIIT LTD.,",INE161A01038,NIITLTD,NIITLTD,1692,Small Cap
675,SARDA ENERGY & MINERALS LTD,INE385C01013,SARDAEN,SARDAEN,1692,Small Cap
676,NEWGEN SOFTWARE TECHNOLOGIES LIMITED,INE619B01017,NEWGEN,NEWGEN,1690,Small Cap
677,"UNITECH LTD.,",INE694A01020,UNITECH,UNITECH,1687,Small Cap
678,BODAL CHEMICALS LTD,INE338D01028,BODALCHEM,BODALCHEM,1685,Small Cap
679,HINDUSTAN MEDIA VENTURES LIMITED,INE871K01015,HMVL,HMVL,1680,Small Cap
680,ASHIANA HOUSING LIMITED,INE365D01021,ASHIANA,ASHIANA,1680,Small Cap
681,"INDIAN HUME PIPE CO. LTD.,",INE323C01030,INDIANHUME,INDIANHUME,1678,Small Cap
682,ELANTAS BECK INDIA LTD,INE280B01018,ELANTAS,,1676,Small Cap
683,GTPL HATHWAY LIMITED,INE869I01013,GTPL,GTPL,1671,Small Cap
684,EROS INTERNATIONAL MEDIA LIMITED,INE416L01017,EROSMEDIA,EROSMEDIA,1668,Small Cap
685,K.C.P. LTD,INE805C01028,KCP,KCP,1658,Small Cap
686,AGRO TECH FOODS LTD,INE209A01019,ATFL,ATFL,1655,Small Cap
687,NOVARTIS INDIA LIMITED.,INE234A01025,NOVARTIND,,1646,Small Cap
688,RATTANINDIA POWER LIMITED,INE399K01017,RTNPOWER,RTNPOWER,1639,Small Cap
689,TATA SPONGE IRON LTD,INE674A01014,TATASPONGE,TATASPONGE,1637,Small Cap
690,KWALITY LIMITED,INE775B01025,KWALITY,KWALITY,1636,Small Cap
691,"BANCO PRODUCTS (INDIA) LTD.,",INE213C01025,BANCOINDIA,BANCOINDIA,1628,Small Cap
692,GUJARAT INDUSTRIES POWER CO. LTD,INE162A01010,GIPCL,GIPCL,1624,Small Cap
693,HINDUSTAN OIL EXPLORATION CO. LTD.,INE345A01011,HINDOILEXP,HINDOILEXP,1624,Small Cap
694,NRB BEARINGS LTD.,INE349A01021,NRBBEARING,NRBBEARING,1602,Small Cap
695,INEOS STYROLUTION INDIA LIMITED,INE189B01011,INEOSSTYRO,INEOSSTYRO,1594,Small Cap
696,SRIKALAHASTHI PIPES LIMITED,INE943C01027,SRIPIPES,SRIPIPES,1585,Small Cap
697,MIRZA INTERNATIONAL  LIMITED,INE771A01026,MIRZAINT,MIRZAINT,1585,Small Cap
698,BF UTILITIES LTD.,INE243D01012,BFUTILITIE,BFUTILITIE,1585,Small Cap
699,"POLYPLEX CORPORATION LTD.,",INE633B01018,POLYPLEX,POLYPLEX,1564,Small Cap
700,INSECTICIDES INDIA LTD.,INE070I01018,INSECTICID,INSECTICID,1564,Small Cap
701,ANANT RAJ LIMITED,INE242C01024,ANANTRAJ,ANANTRAJ,1561,Small Cap
702,KITEX GARMENETS LTD.,INE602G01020,KITEX,KITEX,1560,Small Cap
703,INDIA GLYCOLS LTD,INE560A01015,INDIAGLYCO,INDIAGLYCO,1555,Small Cap
704,RESPONSIVE INDUSTRIES LTD,INE688D01026,RESPONIND,RESPONIND,1552,Small Cap
705,FAIRCHEM SPECIALITY LIMITED,INE959A01019,FAIRCHEM,FAIRCHEM,1550,Small Cap
706,"EIH ASSOCIATED HOTELS LTD.,",INE276C01014,EIHAHOTELS,EIHAHOTELS,1548,Small Cap
707,HINDUJA VENTURES LTD,INE353A01023,HINDUJAVEN,HINDUJAVEN,1546,Small Cap
708,HAWKINS COOKER LTD.,INE979B01015,HAWKINCOOK,,1536,Small Cap
709,DFM FOODS LTD.,INE456C01012,DFM,DFMFOODS,1534,Small Cap
710,SITI NETWORKS LIMITED,INE965H01011,SITINET,SITINET,1534,Small Cap
711,MOREPEN LABORATORIES LTD.,INE083A01026,MOREPENLAB,MOREPENLAB,1530,Small Cap
712,BOMBAY RAYON FASHIONS LTD.,INE589G01011,BRFL,BRFL,1517,Small Cap
713,INFINITE COMPUTER SOLUTIONS (INDIA) LTD,INE486J01014,INFINITE,INFINITE,1512,Small Cap
714,BHARAT ROAD NETWORK LIMITED,INE727S01012,BRNL,BRNL,1505,Small Cap
715,KIRI INDUSTRIES LIMITED,INE415I01015,KIRIDYES,KIRIINDUS,1502,Small Cap
716,NATIONAL PEROXIDE LTD.,INE585A01020,NATPEROX,,1493,Small Cap
717,GENUS POWER INFRASTRUCTURES LTD,INE955D01029,GENUSPOWER,GENUSPOWER,1491,Small Cap
718,KESORAM INDUSTRIES LTD,INE087A01019,KESORAMIND,KESORAMIND,1489,Small Cap
719,ALEMBIC  LTD,INE426A01027,ALEMBICLTD,ALEMBICLTD,1478,Small Cap
720,G.M. BREWERIES LTD.,INE075D01018,GMBREW,GMBREW,1478,Small Cap
721,ANDREW YULE & COMPANY LTD,INE449C01025,ANDREWYU,,1474,Small Cap
722,S CHAND AND COMPANY LIMITED,INE807K01035,SCHAND,SCHAND,1472,Small Cap
723,"SUNFLAG IRON & STEEL CO. LTD.,",INE947A01014,SUNFLAG,SUNFLAG,1458,Small Cap
724,V2 RETAIL LIMITED,INE945H01013,V2RETAIL,V2RETAIL,1451,Small Cap
725,JAYPEE INFRATECH LIMITED,INE099J01015,JPINFRATEC,JPINFRATEC,1442,Small Cap
726,SASKEN TECHNOLOGIES LIMITED,INE231F01020,SASKEN,SASKEN,1441,Small Cap
727,SEYA INDUSTRIES LTD,INE573R01012,SEYAIND,,1438,Small Cap
728,HONDA SIEL POWER PRODUCTS LTD.,INE634A01018,HONDAPOWER,HONDAPOWER,1433,Small Cap
729,MARKSANS PHARMA LTD.,INE750C01026,MARKSANS,MARKSANS,1428,Small Cap
730,TITAGARH WAGONS LTD,INE615H01020,TWL,TWL,1427,Small Cap
731,SANWARIA CONSUMER LIMITED,INE890C01046,SANWARIA,SANWARIA,1426,Small Cap
732,ASIAN GRANITO INDIA LIMITED,INE022I01019,ASIANTILES,ASIANTILES,1425,Small Cap
733,"GRAUER & WEIL (INDIA) LTD.,",INE266D01021,GRAUWEIL,,1419,Small Cap
734,STERLING TOOLS LTD.,INE334A01023,STERTOOLS,STERTOOLS,1405,Small Cap
735,AARTI DRUGS LIMITED,INE767A01016,AARTIDRUGS,AARTIDRUGS,1404,Small Cap
736,MEP INFRASTRUCTURE DEVELOPERS LIMITED,INE776I01010,MEP,MEP,1402,Small Cap
737,MUTHOOT CAPITAL SERVICES LTD.,INE296G01013,MUTHTFN,MUTHOOTCAP,1390,Small Cap
738,INDIAN METALS & FERRO ALLOYS LIMITED,INE919H01018,IMFA,IMFA,1383,Small Cap
739,HIL LIMITED,INE557A01011,HYDIND,HIL,1381,Small Cap
740,BALAJI TELEFILMS LTD.,INE794B01026,BALAJITELE,BALAJITELE,1378,Small Cap
741,KALYANI STEELS LTD,INE907A01026,KSL,KSL,1374,Small Cap
742,MAN INFRACONSTRUCTION LIMITED,INE949H01023, MANINFRA,MANINFRA,1374,Small Cap
743,JINDAL POLY FILMS LTD.,INE197D01010,JINDALPOLY,JINDALPOLY,1372,Small Cap
744,M.M.FORGINGS LTD.,INE227C01017,MMFL,MMFL,1369,Small Cap
745,D B REALTY LIMITED,INE879I01012,DBREALTY,DBREALTY,1364,Small Cap
746,KOVAI MEDICAL CENTER & HOSPITAL LTD,INE177F01017,KOVAI,,1363,Small Cap
747,"EXCELL INDUSTRIES LTD.,",INE369A01029,EXCELINDUS,EXCELINDUS,1362,Small Cap
748,GROMO TRADE & CONSULTANCY LTD,INE286N01010,GROMOTRADE,,1362,Small Cap
749,MAJESCO LIMITED,INE898S01029,MJCO,MAJESCO,1353,Small Cap
750,WIM PLAST LTD.,INE015B01018,WIMPLAST,,1352,Small Cap
751,SHEMAROO ENTERTAINMENT LIMITED,INE363M01019,SHEMAROO,SHEMAROO,1347,Small Cap
752,POWER MECH PROJECTS LIMITED,INE211R01019,POWERMECH,POWERMECH,1346,Small Cap
753,RAMCO SYSTEMS LTD,INE246B01019,RAMCOSYS,RAMCOSYS,1341,Small Cap
754,TECHNOCRAFT INDUSTRIES (INDIA) LTD.,INE545H01011,TIIL,TIIL,1338,Small Cap
755,KHADIM INDIA LIMITED,INE834I01025,KHADIM,KHADIM,1329,Small Cap
756,"ALKYL AMINES CHEMICALS LTD.,",INE150B01021,ALKYLAMINE,ALKYLAMINE,1328,Small Cap
757,KAYA LIMITED,INE587G01015,KAYA,KAYA,1319,Small Cap
758,HESTER BIOSCIENCES LTD,INE782E01017,HESTERPH,HESTERBIO,1318,Small Cap
759,"VINDHYA TELELINKS LTD.,",INE707A01012,VINDHYATEL,VINDHYATEL,1315,Small Cap
760,CAMLIN FINE SCIENCES LTD,INE052I01032,CAMLINFINE,CAMLINFINE,1315,Small Cap
761,VARDHMAN HOLDINGS LIMITED,INE701A01023,VHL,VHL,1314,Small Cap
762,TRIVENI ENGINEERING & INDUSTRIES LTD,INE256C01024,TRIVENI,TRIVENI,1311,Small Cap
763,"MAHANAGAR TELEPHONE NIGAM LTD.,",INE153A01019,MTNL,MTNL,1305,Small Cap
764,KIRLOSKAR FERROUS INDUSTRIES LTD.,INE884B01025,KIRLFER,,1301,Small Cap
765,"SAFARI INDUSTRIES (INDIA) LTD.,",INE429E01023,SAFARIND,,1296,Small Cap
766,INTERNATIONAL PAPER APPM LIMITED,INE435A01028,IPAPPM,IPAPPM,1293,Small Cap
767,SAREGAMA INDIA LTD.,INE979A01017,SAREGAMA,SAREGAMA,1290,Small Cap
768,HBL POWER SYSTEMS LTD.,INE292B01021,HBLPOWER,HBLPOWER,1285,Small Cap
769,EMAMI PAPER MILLS LTD.,INE830C01026,EMAMIPAP,,1278,Small Cap
770,LS INDUSTRIES LIMITED,INE345D01031,LSIND,,1273,Small Cap
771,ZEE LEARN LIMITED,INE565L01011,ZEELEARN,ZEELEARN,1259,Small Cap
772,SUTLEJ TEXTILES & INDUSTRIES LIMITED,INE645H01027,SUTLEJTEX,SUTLEJTEX,1258,Small Cap
773,TOURISM FINANCE CORPN. OF INDIA LTD,INE305A01015,TFCILTD,TFCILTD,1256,Small Cap
774,SHARDA MOTOR INDUSTRIES LTD,INE597I01010,SHARDA,SHARDAMOTR,1252,Small Cap
775,"EMPIRE INDUSTRIES LTD.,",INE515H01014,EMPIND,,1246,Small Cap
776,NUCLEUS SOFTWARE EXPORTS LTD,INE096B01018,NUCLEUS,NUCLEUS,1245,Small Cap
777,CLARIANT CHEMICALS (INDIA) LIMITED,INE492A01029,CLNINDIA,CLNINDIA,1244,Small Cap
778,THE ANDHRA SUGARS LTD.,INE715B01013,ANDHRSUGAR,ANDHRSUGAR,1244,Small Cap
779,KIRLOSKAR INDUSTRIES LTD,INE250A01039,KIRLOSIND,KIRLOSIND,1244,Small Cap
780,KINGFA SCIENCE & TECHNOLOGY (INDIA) LTD,INE473D01015,KINGFA,KINGFA,1226,Small Cap
781,ASTEC LIFESCIENCES LIMITED,INE563J01010,ASTEC,ASTEC,1220,Small Cap
782,MASTEK LIMITED,INE759A01021,MASTEK,MASTEK,1219,Small Cap
783,FORTUNE FINANCIAL SERVICES (INDIA),INE924D01017,FORTUNEF,FORTUNEFIN,1216,Small Cap
784,TAJ GVK HOTELS & RESORTS LTD.,INE586B01026,TAJGVK,TAJGVK,1210,Small Cap
785,"HOTEL LEELA VENTURE LTD.,",INE102A01024,HOTELEELA,HOTELEELA,1206,Small Cap
786,PANAMA PETROCHEM LTD.,INE305C01029,PANAMAPET,PANAMAPET,1206,Small Cap
787,KELVIN FINCAP LTD,INE232N01022,KELVINFIN,,1200,Small Cap
788,"YUKEN INDIA LTD.,",INE384C01016,YUKEN,,1197,Small Cap
789,BAJAJ HINDUSTHAN SUGAR LIMITED,INE306A01021,BAJAJHIND,BAJAJHIND,1195,Small Cap
790,SHREYAS SHIPPING AND LOGISTICS LIMITED,INE757B01015,SHREYAS,SHREYAS,1193,Small Cap
791,RUSHIL DECOR LIMITED,INE573K01017,RUSHIL,RUSHIL,1191,Small Cap
792,"ORIENTAL CARBON & CHEMICALS LTD.,",INE321D01016,ORIENTC,OCCL,1184,Small Cap
793,SICAL LOGISTICS LIMITED,INE075B01012,SICAL,SICAL,1184,Small Cap
794,KOKUYO CAMLIN LTD,INE760A01029,KOKUYOCMLN,KOKUYOCMLN,1183,Small Cap
795,KIRLOSKAR PNEUMATIC CO.LTD.,INE811A01012,KIRLPNU,,1181,Small Cap
796,GATI LIMITED,INE152B01027,GATI,GATI,1175,Small Cap
797,BF INVESTMENT LIMITED,INE878K01010,BFINVEST,BFINVEST,1175,Small Cap
798,WEIZMANN FOREX LIMITED,INE726L01019,WEIZFOREX,WEIZFOREX,1175,Small Cap
799,INDIA NIPPON ELECTRICALS LTD,INE092B01025,INDNIPPON,INDNIPPON,1175,Small Cap
800,PAISALO DIGITAL LIMITED,INE420C01042,PAISALO,PAISALO,1173,Small Cap
801,FIEM INDUSTRIES LIMITED,INE737H01014,FIEMIND,FIEMIND,1172,Small Cap
802,SML ISUZU LIMITED,INE294B01019,SWARAJMAZD,SMLISUZU,1164,Small Cap
803,SINTEX INDUSTRIES LTD,INE429C01035,SINTEX,SINTEX,1162,Small Cap
804,"DYNAMATIC TECHNOLOGIES LTD.,",INE221B01012,DYNAMATECH,DYNAMATECH,1162,Small Cap
805,"SESHASAYEE PAPER & BOARDS LTD.,",INE630A01016,SESHAPAPER,SESHAPAPER,1161,Small Cap
806,TATA TELESERVICES (MAHARASHTRA) LTD.,INE517B01013,TTML,TTML,1158,Small Cap
807,UFO MOVIEZ INDIA LIMITED,INE527H01019,UFO,UFO,1153,Small Cap
808,APTECH LTD.,INE266F01018,APTECHT,APTECHT,1150,Small Cap
809,GRAVITA INDIA LIMITED,INE024L01027,GRAVITA,GRAVITA,1142,Small Cap
810,WATERBASE LIMITED,INE054C01015,WATERBASE,,1141,Small Cap
811,ASHAPURA INTIMATES FASHION LIMITED,INE428O01016,AIFL,AIFL,1140,Small Cap
812,GREENCREST FINANCIAL SERVICES LIMITED,INE414C01029,GREENCREST,,1139,Small Cap
813,"SHANTHI GEARS LTD.,",INE631A01022,SHANTIGEAR,SHANTIGEAR,1137,Small Cap
814,ESAB INDIA LTD.,INE284A01012,ESABINDIA,ESABINDIA,1132,Small Cap
815,MONTE CARLO FASHIONS LIMITED,INE950M01013,MONTECARLO,MONTECARLO,1132,Small Cap
816,GMM PFAUDLER LTD.,INE541A01023,GMM,GMMPFAUDLR,1129,Small Cap
817,LUMAX AUTO TECHNOLOGIES LTD.,INE872H01027,LUMAXTECH,LUMAXTECH,1112,Small Cap
818,VOLTAMP TRANSFORMERS LIMITED,INE540H01012,VOLTAMP,VOLTAMP,1107,Small Cap
819,RICO AUTO INDUSTRIES LTD.,INE209B01025,RICOAUTO,RICOAUTO,1102,Small Cap
820,"VISAKA INDUSTRIES LTD.,",INE392A01013,VISAKAIND,VISAKAIND,1100,Small Cap
821,RAMKY INFRASTRUCTURE LIMITED,INE874I01013,RAMKY,RAMKY,1098,Small Cap
822,MARATHON NEXTGEN REALTY LTD,INE182D01020,MARATHON,MARATHON,1072,Small Cap
823,APCOTEX INDUSTRIES LIMITED,INE116A01024,APCOTEXIND,APCOTEXIND,1072,Small Cap
824,NAGARJUNA FERTILIZERS AND CHEMICALS LTD.,INE454M01024,NAGARFERT,NAGAFERT,1066,Small Cap
825,"ELECTROSTEEL CASTINGS LTD.,",INE086A01029,ELECTCAST,ELECTCAST,1063,Small Cap
826,KALYANI INVESTMENT COMPANY LIMITED,INE029L01018,KICL,KICL,1061,Small Cap
827,SHAKTI PUMPS (INDIA) LTD.,INE908D01010,SHAKTIPUMP,SHAKTIPUMP,1058,Small Cap
828,"JBF INDUSTRIES LTD.,",INE187A01017,JBFIND,JBFIND,1051,Small Cap
829,"CITURGIA BIOCHEMICALS LTD.,",INE795B01031,CITURGIA,,1038,Small Cap
830,HINDUSTHAN NATIONAL GLASS & INDUSTR,INE952A01022,HINDNATGLS,HINDNATGLS,1036,Small Cap
831,"PREMIER CAPITAL SERVICES LTD.,",INE946K01023,PREMCAP,,1035,Small Cap
832,"JAY BHARAT MARUTI LTD.,",INE571B01028,JAYBARMARU,JAYBARMARU,1034,Small Cap
833,"MUKAND LTD.,",INE304A01026,MUKANDLTD,MUKANDLTD,1034,Small Cap
834,MPS LIMITED,INE943D01017,MPSLTD,MPSLTD,1032,Small Cap
835,"NCL INDUSTRIES LIMITED,",INE732C01016,NCLIND,NCLIND,1032,Small Cap
836,SHAILY ENGINEERING PLASTICS LTD.,INE151G01010,ZANMOLTR,,1032,Small Cap
837,MIRC ELECTRONICS LTD,INE831A01028,MIRCELECTR,MIRCELECTR,1026,Small Cap
838,FOSECO INDIA LTD,INE519A01011,FOSECOIND,FOSECOIND,1022,Small Cap
839,UNIPLY INDUSTRIES LTD.,INE950G01023,UNIPLY,UNIPLY,1022,Small Cap
840,G N A AXLES LIMITED,INE934S01014,GNA,GNA,1016,Small Cap
841,PRECISION CAMSHAFTS LIMITED,INE484I01029,PRECAM,PRECAM,1016,Small Cap
842,"TTK HEALTHCARE LTD.,",INE910C01018,TTKHEALTH,TTKHLTCARE,1009,Small Cap
843,PATEL ENGINEERING LTD,INE244B01030,PATELENG,PATELENG,1009,Small Cap
844,ORIENT PAPER & INDUSTRIES LTD.,INE592A01026,ORIENTPPR,ORIENTPPR,1007,Small Cap
845,"SANDUR MANGANESE & IRON ORES LTD.,",INE149K01016,SANDUMA,,1000,Small Cap
846,"ABAN  OFFSHORE LTD.,",INE421A01028,ABAN,ABAN,1000,Small Cap
847,CONFIDENCE PETROLEUM INDIA LIMITED,INE552D01024,CONFIPET,,998,Small Cap
848,B L KASHYAP AND SONS LTD,INE350H01032,BLKASHYAP,BLKASHYAP,996,Small Cap
849,BHUSHAN STEEL LIMITED,INE824B01021,BHUSANSTL,BHUSANSTL,986,Small Cap
850,ORISSA MINERALS DEVELOPMENT COMPANY LIMITED,INE725E01024,ORISSAMINE,ORISSAMINE,984,Small Cap
851,HIND ISPAT LIMITED,INE951E01018,,,982,Small Cap
852,MERCATOR LIMITED,INE934B01028,MERCATOR,MERCATOR,982,Small Cap
853,JAYANT AGRO-ORGANICS LIMITED.,INE785A01026,JAYAGROGN,JAYAGROGN,980,Small Cap
854,SUMMIT SECURITIES LTD.,INE519C01017,SUMMITSEC,SUMMITSEC,980,Small Cap
855,Z.F. STEERING GEAR (INDIA) LIMITED,INE116C01012,ZFSTEERING,,980,Small Cap
856,ZEN TECHNOLOGIES LTD.,INE251B01027,ZENTEC,ZENTEC,976,Small Cap
857,KRIDHAN INFRA LIMITED,INE524L01026,KRIINFRA,KRIDHANINF,974,Small Cap
858,GUFIC BIOSCIENCES LTD.,INE742B01025,GUFICBIO,GUFICBIO,973,Small Cap
859,RELIGARE ENTERPRISES LTD,INE621H01010,RELIGARE,RELIGARE,971,Small Cap
860,"ROLTA INDIA LTD.,",INE293A01013,ROLTA,ROLTA,971,Small Cap
861,RANE (MADRAS)  LTD.,INE050H01012,RML,RML,957,Small Cap
862,"DHAMPUR SUGAR MILLS LTD.,",INE041A01016,DHAMPURSUG,DHAMPURSUG,948,Small Cap
863,"MUNJAL SHOWA LTD.,",INE577A01027,MUNJALSHOW,MUNJALSHOW,946,Small Cap
864,ATUL AUTO LIMITED,INE951D01028,ATULAUTO,ATULAUTO,942,Small Cap
865,"ULTRAMARINE & PIGMENTS LTD.,",INE405A01021,ULTRAMAR,,940,Small Cap
866,IFGL REFRACTORIES LIMITED,INE133Y01011,IFGLEXPOR,IFGLEXPOR,939,Small Cap
867,BALMER LAWRIE INVESTMENTS LTD.,INE525F01017,BLIL,,936,Small Cap
868,STATE TRADING CORPORATION OF INDIA,INE655A01013,STCINDIA,STCINDIA,933,Small Cap
869,AJMERA REALTY & INFRA INDIA LIMITED,INE298G01027,SHRPREC,AJMERA,928,Small Cap
870,VIKAS ECOTECH LIMITED,INE806A01020,VIKASECO,VIKASECO,928,Small Cap
871,KSE LTD.,INE953E01014,KSE,,925,Small Cap
872,LEEL ELECTRICALS LIMITED,INE245C01019,LEEL,LEEL,921,Small Cap
873,MOLD-TEK PACKAGING LIMITED,INE893J01029,MOLDTKPAC,MOLDTKPAC,908,Small Cap
874,INDIA MOTOR PARTS & ACCESSORIES LTD,INE547E01014,IMPAL,IMPAL,901,Small Cap
875,"ELECON ENGINEERING CO.LTD.,",INE205B01023,ELECON,ELECON,897,Small Cap
876,INTRASOFT TECHNOLOGIES LIMITED,INE566K01011,ISFT,ISFT,896,Small Cap
877,NATH BIOGENE INDIA LTD.,INE448G01010,NATHBIOGEN,NATHBIOGEN,895,Small Cap
878,BUTTERFLY GANDHIMATHI APPLIANCES LIMITED,INE295F01017,BUTTERFLY,BUTTERFLY,890,Small Cap
879,DISA INDIA LTD.,INE131C01011,DISA,,889,Small Cap
880,S.P. APPARELS LIMITED,INE212I01016,SPAL,SPAL,888,Small Cap
881,"ORIENTAL HOTELS LTD.,",INE750A01020,ORIENTHOT,ORIENTHOT,884,Small Cap
882,PRICOL LIMITED,INE726V01018,PRICOLLTD,PRICOLLTD,884,Small Cap
883,FILATEX INDIA LTD.,INE816B01027,FILATEX,FILATEX,870,Small Cap
884,THE HI-TECH GEARS LIMITED,INE127B01011,HITECHGEAR,HITECHGEAR,867,Small Cap
885,"EXDON TRADING CO. LTD.,",INE204I01013,ZEXDONTR,,866,Small Cap
886,GLOBAL INFRATECH & FINANCE LIMITED,INE377M01035,GBLINFRA,,866,Small Cap
887,"MANGALAM CEMENT LTD.,",INE347A01017,MANGLMCEM,MANGLMCEM,865,Small Cap
888,RAJAPALAYAM MILLS LIMITED,INE296E01026,RAJPALAYAM,,863,Small Cap
889,ORICON ENTERPRISES LTD.,INE730A01022,ORICON,ORICONENT,862,Small Cap
890,AMRUTANJAN HEALTH CARE LIMITED,INE098F01031,AMRUTANJAN,AMRUTANJAN,853,Small Cap
891,ASTRA MICROWAVE PRODUCTS LTD.,INE386C01029,ASTRAMICRO,ASTRAMICRO,851,Small Cap
892,SNOWMAN LOGISTICS LIMITED,INE734N01019,SNOWMAN,SNOWMAN,850,Small Cap
893,GOLDSTONE INFRATECH LIMITED,INE260D01016,GOLDINFRA,GOLDINFRA,847,Small Cap
894,"BHARAT BIJLEE LTD.,",INE464A01028,BBL,BBL,827,Small Cap
895,"ELPRO INTERNATIONAL LTD.,",INE579B01039,ELPROINTL,,824,Small Cap
896,GENESYS INTERNATIONAL CORPORATION LTD.,INE727B01026,GENESYS,GENESYS,824,Small Cap
897,SANDESH LTD.,INE583B01015,SANDESH,SANDESH,821,Small Cap
898,GALLANTT ISPAT LIMITED,INE528K01011, GALLISPAT,GALLISPAT,817,Small Cap
899,TEXMACO INFRASTRUCTURE & HOLDINGS LTD,INE435C01024,TEXMACO,TEXINFRA,815,Small Cap
900,3I INFOTECH LIMITED,INE748C01020,3IINFOTECH,3IINFOTECH,815,Small Cap
901,BGR ENERGY SYSTEMS LIMITED,INE661I01014,BGRENERGY,BGRENERGY,812,Small Cap
902,PROZONE INTU PROPERTIES LIMITED,INE195N01013,PROZONINTU,PROZONINTU,805,Small Cap
903,NILA INFRASTRUCTURES LTD,INE937C01029,NILA,NILAINFRA,802,Small Cap
904,PPAP AUTOMOTIVE LIMITED,INE095I01015,PPAP,PPAP,802,Small Cap
905,SANGHVI MOVERS LTD.,INE989A01024,SANGHVIMOV,SANGHVIMOV,802,Small Cap
906,MULTIBASE INDIA LTD,INE678F01014,MULTIBASE,,801,Small Cap
907,REPRO INDIA LTD.,INE461B01014,REPRO,REPRO,798,Small Cap
908,ALICON CASTALLOY LIMITED,INE062D01024,ALICON,ALICON,797,Small Cap
909,NIYOGIN FINTECH LIMITED,INE480D01010,NIYOGIN,,794,Small Cap
910,"GOA CARBON LTD.,",INE426D01013,GOACARBON,GOACARBON,791,Small Cap
911,HPL ELECTRIC & POWER LIMITED,INE495S01016,HPL,HPL,791,Small Cap
912,FINEOTEX CHEMICAL LIMITED,INE045J01026,FCL,FCL,789,Small Cap
913,EVEREST INDUSTRIES LTD.,INE295A01018,EVERESTIND,EVERESTIND,787,Small Cap
914,RANE BRAKE LINING LIMITED,INE244J01017,RBL,RBL,787,Small Cap
915,AMBIKA COTTON MILLS LTD.,INE540G01014,AMBIKCO,AMBIKCO,782,Small Cap
916,PDS MULTINATIONAL FASHIONS LIMITED,INE111Q01013,PDSMFL,PDSMFL,780,Small Cap
917,PARSVNATH DEVELOPERS LTD.,INE561H01026,PARSVNATH,PARSVNATH,778,Small Cap
918,JAYBHARAT TEXTILES AND REAL ESTATE LIMITED,INE091E01039,JAYSA,,774,Small Cap
919,MANGALORE CHEMICALS & FERTILISERS L,INE558B01017,MANGCHEFER,MANGCHEFER,773,Small Cap
920,N.R.AGARWAL INDUSTRIES LTD.,INE740D01017,NRAGRIND,NRAIL,772,Small Cap
921,NELCAST LIMITED,INE189I01024,NELCAST,NELCAST,769,Small Cap
922,POLO QUEEN INDUSTRIAL AND FINTECH LIMITED ,INE689M01017,PQIF,,769,Small Cap
923,RICOH INDIA LTD.,INE291B01015,RICOH,,769,Small Cap
924,RSWM LIMITED,INE611A01016,RSWM,RSWM,768,Small Cap
925,CHAMAN LAL SETIA EXPORTS LTD.,INE419D01026,CHAMANSE,,767,Small Cap
926,SHIVAM AUTOTECH LIMITED,INE637H01024,SHIVAMAUTO,SHIVAMAUTO,765,Small Cap
927,"GOODRICKE GROUP LTD.,",INE300A01016,GOODRICKE,,764,Small Cap
928,RATTANINDIA INFRASTRUCTURE LIMITED,INE834M01019,RTNINFRA,RTNINFRA,762,Small Cap
929,HARITA SEATING SYSTEMS LTD,INE939D01015,HARITASEAT,HARITASEAT,760,Small Cap
930,"GUJARAT BOROSIL LIMITED.,",INE059C01022,GUJBOROS,,757,Small Cap
931,TVS ELECTRONICS LTD.,INE236G01019,TVSELECT,TVSELECT,756,Small Cap
932,SETCO AUTOMOTIVE LIMITED,INE878E01021,SETCO,SETCO,756,Small Cap
933,MUNJAL AUTO INDUSTRIES LTD.,INE672B01032,MUNJALAU,MUNJALAU,752,Small Cap
934,ORIENT GREEN POWER COMPANY LIMITED,INE999K01014,GREENPOWER,GREENPOWER,752,Small Cap
935,WINDSOR MACHINES LIMITED,INE052A01021,WINDMACHIN,WINDMACHIN,752,Small Cap
936,"DCW LTD.,",INE500A01029,DCW,DCW,751,Small Cap
937,OSWAL GREENTECH LIMITED,INE143A01010,BINDALAGRO,BINDALAGRO,749,Small Cap
938,SOUTHERN PETROCHEMICAL INDUSTRIES CORPORATION LIMITED,INE147A01011,SPIC,SPIC,746,Small Cap
939,"TRANSPEK INDUSTRY LTD.,",INE687A01016,TRANSPEK,,744,Small Cap
940,SORIL INFRA RESOURCES LIMITED,INE034H01016,SORILINFRA,SORILINFRA,738,Small Cap
941,MAN INDUSTRIES (INDIA) LTD,INE993A01026,MANINDS,MANINDS,734,Small Cap
942,GANESHA ECOSPHERE LIMITED,INE845D01014,GANECOS,GANECOS,733,Small Cap
943,USHA MARTIN LTD.,INE228A01035,USHAMART,USHAMART,731,Small Cap
944,VIPUL LIMITED,INE946H01037,VIPUL,VIPULLTD,731,Small Cap
945,ATLAS JEWELLERY INDIA LIMITED,INE022N01019,AJIL,,730,Small Cap
946,"DECCAN CEMENTS LTD.,",INE583C01021,DECCANCE,DECCANCE,730,Small Cap
947,MEDICAMEN BIOTECH LTD.,INE646B01010,MEDICAME,,729,Small Cap
948,"AUTOMOBILE CORPN. OF GOA LTD.,",INE451C01013,ACGL,,728,Small Cap
949,THANGAMAYIL JEWELLERY LIMITED,INE085J01014,THANGAMAYL,THANGAMAYL,727,Small Cap
950,INDIAN TERRAIN FASHIONS LIMITED,INE611L01021,INDTERRAIN,INDTERRAIN,727,Small Cap
951,UDAIPUR CEMENT WORKS LIMITED,INE225C01029,JKUDAI,,726,Small Cap
952,BEEKAY STEEL INDUSTRIES LTD.,INE213D01015,BEEKAY,,725,Small Cap
953,CENTUM ELECTRONICS LTD,INE320B01020,CENTUM,CENTUM,723,Small Cap
954,PORSCHE CAPITAL MARKET LIMITED,INE939Q01017,,,722,Small Cap
955,ION EXCHANGE (INDIA) LTD,INE570A01014,IONEXCHANG,,720,Small Cap
956,"CENTURY ENKA LTD.,",INE485A01015,CENTENKA,CENTENKA,716,Small Cap
957,CONTROL PRINT (INDIA) LTD.,INE663B01015,CONTROLP,CONTROLPR,716,Small Cap
958,RELIANCE INDUSTRIAL INFRASTRUCTURE,INE046A01015,RELIANCEINF,RIIL,715,Small Cap
959,PENINSULA LAND LIMITED,INE138A01028,PENINLAND,PENINLAND,714,Small Cap
960,DATAMATICS GLOBAL SERVICES LIMITED,INE365B01017,DATAMATICS,DATAMATICS,712,Small Cap
961,THE BYKE HOSPITALITY    LTD,INE319B01014,THEBYKE,BYKE,712,Small Cap
962,PINE ANIMATION LIMITED,INE452N01026,FOURKANIM,,709,Small Cap
963,CIGNITI TECHNOLOGIES LTD,INE675C01017,CIGNITI,CIGNITITEC,706,Small Cap
964,SHREE PUSHKAR CHEMICALS & FERTILISERS LIMITED,INE712K01011,SHREEPUSHK,SHREEPUSHK,701,Small Cap
965,CEREBRA INTEGRATED TECHNOLOGIES LTD.,INE345B01019,CEREBRAINT,CEREBRAINT,700,Small Cap
966,TRIBHOVANDAS BHIMJI ZAVERI LIMITED,INE760L01018,TBZ,TBZ,700,Small Cap
967,SKIL INFRASTRUCTURE LIMITED,INE429F01012,SKIL,SKIL,700,Small Cap
968,CAPITAL TRUST LTD.,INE707C01018,CAPITALT,CAPTRUST,699,Small Cap
969,"PENNAR INDUSTRIES LTD.,",INE932A01024,PENIND,PENIND,697,Small Cap
970,RPG LIFE SCIENCES LIMITED,INE105J01010,RPGLIFE,RPGLIFE,694,Small Cap
971,MIDEAST INTEGRATED STEELS LIMITED,INE170N01016,MESCON,,694,Small Cap
972,SMS PHARMACEUTICALS LTD,INE812G01025,SMSPHARMA,SMSPHARMA,692,Small Cap
973,SOM DISTILLERIES & BREWERIES LTD.,INE480C01012,SDBL,SDBL,689,Small Cap
974,WALCHANDNAGAR INDUSTRIES LTD,INE711A01022,WALCHANNAG,WALCHANNAG,684,Small Cap
975,MYSTIC ELECTRONICS LIMITED,INE159O01033,MYSTICELE,,680,Small Cap
976,EMAMI INFRASTRUCTURE LIMITED,INE778K01012,EMAMIINFRA,EMAMIINFRA,680,Small Cap
977,FUTURE MARKET NETWORKS LIMITED,INE360L01017,FMNL,FMNL,676,Small Cap
978,DIL LIMITED.,INE225B01013,DUPHARIN,,674,Small Cap
979,DALMIA BHARAT SUGAR AND INDUSTRIES LTD,INE495A01022,DALMIACEM,DALMIASUG,672,Small Cap
980,GANESH HOUSING CORPORATION LTD.,INE460C01014,GANESHHOUC,GANESHHOUC,672,Small Cap
981,FLORENCE INVESTECH LIMITED,INE211G01020,FLORENCE,,671,Small Cap
982,ALANKIT LIMITED,INE914E01040,ALANKIT,ALANKIT,671,Small Cap
983,PNB GILTS LTD,INE859A01011,PNBGILTS,PNBGILTS,668,Small Cap
984,"MANALI PETROCHEMICALS LTD.,",INE201A01024,MANALIPE,MANALIPETC,668,Small Cap
985,PODDAR HOUSING AND DEVELOPMENT LIMITED,INE888B01018,PODDAR,PODDARHOUS,666,Small Cap
986,ATLANTA LIMITED,INE285H01022,ATLANTA,ATLANTA,665,Small Cap
987,"PRECISION WIRES INDIA LTD.,",INE372C01029,PRECWIRE,PRECWIRE,664,Small Cap
988,ARTEMIS GLOBAL LIFE SCIENCES LIMITED,INE517U01013,ARTEMIS,AGLSL,663,Small Cap
989,HINDUSTAN COMPOSITES LTD,INE310C01029,HINDCOMPOS,HINDCOMPOS,663,Small Cap
990,NACL INDUSTRIES LIMITED,INE295D01020,NACLIND,NACLIND,661,Small Cap
991,NEULAND LABORATORIES LIMITED.,INE794A01010,NEULANDLAB,NEULANDLAB,661,Small Cap
992,IFB AGRO INDUSTRIES LTD,INE076C01018,IFBAGRO,IFBAGRO,652,Small Cap
993,NECTAR LIFESCIENCES LIMITED,INE023H01027,NECLIFE,NECLIFE,647,Small Cap
994,XCHANGING SOLUTIONS LIMITED,INE692G01013,XCHANGING,XCHANGING,644,Small Cap
995,SHIVA TEXYARN LTD.,INE705C01020,SHIVTEX,SHIVATEX,643,Small Cap
996,SREELEATHERS LIMITED,INE099F01013,SREEL,SREEL,643,Small Cap
997,BHARAT SEATS LTD,INE415D01024,BHARATSE,,643,Small Cap
998,KUANTUM PAPERS LIMITED,INE529I01013,KUANTUM,,641,Small Cap
999,SPECIALITY RESTAURANTS LIMITED,INE247M01014,SPECIALITY,SPECIALITY,641,Small Cap
1000,HPC BIOSCIENCES LIMITED,INE507O01025,HPCBL,,638,Small Cap
