sr_no,name,isin,bse_symbol,nse_symbol,avg_mcap,captype
1,RELIANCE INDUSTRIES LTD.,INE002A01018,RELIANCE,RELIANCE,812261,Large Cap
2,TATA CONSULTANCY SERVICES LTD.,INE467B01029,TCS,TCS,773446,Large Cap
3,HDFC BANK LTD.,INE040A01026,HDFCBANK,HDFCBANK,612337,Large Cap
4,HINDUSTAN UNILEVER LTD.,INE030A01027,HINDUNILVR,HINDUNILVR,379019,Large Cap
5,ITC LTD.,INE154A01025,ITC,ITC,352908,Large Cap
6,HOUSING DEVELOPMENT FINANCE CO,INE001A01036,HDFC,HDFC,344992,Large Cap
7,INFOSYS LTD.,INE009A01021,INFY*,INFY,319125,Large Cap
8,STATE BANK OF INDIA,INE062A01020,SBIN,SBIN,275319,Large Cap
9,KOTAK MAHINDRA BANK LTD.,INE237A01028,KOTAKBANK,KOTAKBANK,257588,Large Cap
10,ICICI BANK LTD.,INE090A01021,ICICIBANK,ICICIBANK,249330,Large Cap
11,MARUTI SUZUKI INDIA LTD.,INE585B01010,MARUTI,MARUTI,209413,Large Cap
12,OIL AND NATURAL GAS CORPORATIO,INE213A01029,ONGC,ONGC,199871,Large Cap
13,LARSEN & TOUBRO LTD.,INE018A01030,LT,LT,194088,Large Cap
14,AXIS BANK LTD.,INE238A01034,AXISBANK,AXISBANK,189552,Large Cap
15,BAJAJ FINANCE LIMITED,INE296A01024,BAJFINANCE,BAJFINANCE,171306,Large Cap
16,WIPRO LTD.,INE075A01022,WIPRO,WIPRO,166132,Large Cap
17,COAL INDIA LTD.,INE522F01014,COALINDIA,COALINDIA,148333,Large Cap
18,BHARTI AIRTEL LTD.,INE397D01024,BHARTIARTL,BHARTIARTL,146497,Large Cap
19,HCL TECHNOLOGIES LTD.,INE860A01027,HCLTECH,HCLTECH,143798,Large Cap
20,INDIAN OIL CORPORATION LTD.,INE242A01010,IOC,IOC,143112,Large Cap
21,ASIAN PAINTS LTD.,INE021A01026,ASIANPAINT,ASIANPAINT,135448,Large Cap
22,NTPC LTD.,INE733E01010,NTPC,NTPC,125696,Large Cap
23,BAJAJ FINSERV LTD.,INE918I01018,BAJAJFINSV,BAJAJFINSV,113633,Large Cap
24,ULTRATECH CEMENT LTD.,INE481G01011,ULTRACEMCO,ULTRACEMCO,112987,Large Cap
25,HINDUSTAN ZINC LTD.,INE267A01025,HINDZINC,HINDZINC,110726,Large Cap
26,NESTLE INDIA LTD.,INE239A01016,NESTLEIND,,105857,Large Cap
27,SUN PHARMACEUTICAL INDUSTRIES,INE044A01036,SUNPHARMA,SUNPHARMA,104050,Large Cap
28,POWER GRID CORPORATION OF INDI,INE752E01010,POWERGRID,POWERGRID,100027,Large Cap
29,TITAN COMPANY LIMITED,INE280A01028,TITAN,TITAN,98321,Large Cap
30,INDUSIND BANK LTD.,INE095A01012,INDUSINDBK,INDUSINDBK,94237,Large Cap
31,AVENUE SUPERMARTS LIMITED,INE192R01011,DMART,DMART,87494,Large Cap
32,BAJAJ AUTO LTD.,INE917I01010,BAJAJ-AUTO,BAJAJ-AUTO,83342,Large Cap
33,MAHINDRA & MAHINDRA LTD.,INE101A01026,M&M,M&M,82795,Large Cap
34,BHARAT PETROLEUM CORPORATION L,INE029A01011,BPCL,BPCL,79498,Large Cap
35,HDFC LIFE INSURANCE COMPANY LI,INE795G01014,HDFCLIFE,HDFCLIFE,79407,Large Cap
36,ADANI PORTS AND SPECIAL ECONOM,INE742F01042,ADANIPORTS,ADANIPORTS,78098,Large Cap
37,GAIL (INDIA) LTD.,INE129A01019,GAIL,GAIL,76099,Large Cap
38,TECH MAHINDRA LTD.,INE669C01036,TECHM,TECHM,75279,Large Cap
39,DABUR INDIA LTD.,INE016A01026,DABUR,DABUR,72898,Large Cap
40,BRITANNIA INDUSTRIES LTD.,INE216A01030,BRITANNIA,BRITANNIA,71867,Large Cap
41,GODREJ CONSUMER PRODUCTS LTD.,INE102D01028,GODREJCP,GODREJCP,71031,Large Cap
42,JSW STEEL LTD.,INE019A01038,JSWSTEEL,JSWSTEEL,68162,Large Cap
43,VEDANTA LIMITED,INE205A01025,VEDL,VEDL,64741,Large Cap
44,SHREE CEMENT LTD.,INE070A01015,SHREECEM,SHREECEM,63840,Large Cap
45,SBI LIFE INSURANCE COMPANY LIMITED,INE123W01016,SBILIFE,SBILIFE,62815,Large Cap
46,BANDHAN BANK LIMITED,INE545U01014,BANDHANBNK,BANDHANBNK,61887,Large Cap
47,PIDILITE INDUSTRIES LTD.,INE318A01026,PIDILITIND,PIDILITIND,60189,Large Cap
48,TATA MOTORS LTD.,INE155A01022,TATAMOTORS,TATAMOTORS,57049,Large Cap
49,TATA STEEL LTD.,INE081A01012,TATASTEEL,TATASTEEL,56791,Large Cap
50,EICHER MOTORS LTD.,INE066A01013,EICHERMOT,EICHERMOT,55972,Large Cap
51,GRASIM INDUSTRIES LTD.,INE047A01021,GRASIM,GRASIM,54621,Large Cap
52,BOSCH LTD.,INE323A01026,BOSCHLTD,BOSCHLTD,54100,Large Cap
53,HERO MOTOCORP LTD.,INE158A01026,HEROMOTOCO,HEROMOTOCO,54044,Large Cap
54,BHARTI INFRATEL LTD.,INE121J01017,INFRATEL,INFRATEL,53783,Large Cap
55,INTERGLOBE AVIATION LIMITED,INE646L01027,INDIGO,INDIGO,52610,Large Cap
56,ICICI PRUDENTIAL LIFE INSURANCE COMPANY LIMITED,INE726G01019,ICICIPRULI,ICICIPRULI,49413,Large Cap
57,MARICO LTD.,INE196A01026,MARICO,MARICO,46444,Large Cap
58,HAVELLS INDIA LTD.,INE176B01034,HAVELLS,HAVELLS,46112,Large Cap
59,ICICI LOMBARD GENERAL INSURANCE COMPANY LIMITED ,INE765G01017,ICICIGI,ICICIGI,45798,Large Cap
60,UPL LIMITED,INE628A01036,UPL,UPL,45601,Large Cap
61,HINDALCO INDUSTRIES LTD.,INE038A01020,HINDALCO,HINDALCO,45397,Large Cap
62,YES BANK LTD.,INE528G01027,YESBANK,YESBANK,45077,Large Cap
63,MOTHERSON SUMI SYSTEMS LTD.,INE775A01035,MOTHERSUMI,MOTHERSUMI,44775,Large Cap
64,DR.REDDYS LABORATORIES LTD.,INE089A01023,DRREDDY,DRREDDY,44660,Large Cap
65,CIPLA LTD.,INE059A01026,CIPLA,CIPLA,43524,Large Cap
66,AMBUJA CEMENTS LTD.,INE079A01024,AMBUJACEM,AMBUJACEM,43501,Large Cap
67,PIRAMAL ENTERPRISES LTD.,INE140A01024,PEL,PEL,43276,Large Cap
68,DIVIS LABORATORIES LTD.,INE361B01024,DIVISLAB,DIVISLAB,42947,Large Cap
69,AUROBINDO PHARMA LTD.,INE406A01037,AUROPHARMA,AUROPHARMA,42921,Large Cap
70,GENERAL INSURANCE CORPORATION OF INDIA,INE481Y01014,GICRE,GICRE,41711,Large Cap
71,UNITED SPIRITS LTD.,INE854D01024,UNITDSPR,MCDOWELL-N,40316,Large Cap
72,HINDUSTAN PETROLEUM CORPORATIO,INE094A01015,HINDPETRO,HINDPETRO,40308,Large Cap
73,SIEMENS LTD.,INE003A01024,SIEMENS,SIEMENS,39595,Large Cap
74,ZEE ENTERTAINMENT ENTERPRISES,INE256A01028,ZEEL,ZEEL,38856,Large Cap
75,UNITED BREWERIES LTD.,INE686F01025,UBL,UBL,36577,Large Cap
76,BAJAJ HOLDINGS & INVESTMENT LT,INE118A01012,BAJAJHLDNG,BAJAJHLDNG,36110,Large Cap
77,LUPIN LTD.,INE326A01037,LUPIN,LUPIN,35978,Large Cap
78,BIOCON LTD.,INE376G01013,BIOCON,BIOCON,35643,Large Cap
79,BANK OF BARODA,INE028A01039,BANKBARODA,BANKBARODA,35432,Large Cap
80,DLF LTD.,INE271C01023,DLF,DLF,35019,Large Cap
81,VODAFONE IDEA  LIMITED,INE669E01016,IDEA,IDEA,34836,Large Cap
82,PETRONET LNG LTD.,INE347G01014,PETRONET,PETRONET,34831,Large Cap
83,PROCTER & GAMBLE HYGIENE & HEA,INE179A01014,PGHH,PGHH,33817,Large Cap
84,PUNJAB NATIONAL BANK,INE160A01022,PNB,PNB,33444,Large Cap
85,COLGATE-PALMOLIVE (INDIA) LTD.,INE259A01022,COLPAL,COLPAL,33405,Large Cap
86,HDFC ASSET MANAGEMENT COMPANY LIMITED,INE127D01025,HDFCAMC,HDFCAMC,33352,Large Cap
87,IDBI BANK LTD.,INE008A01015,IDBI,IDBI,31636,Large Cap
88,CADILA HEALTHCARE LTD.,INE010B01027,CADILAHC,CADILAHC,31495,Large Cap
89,NMDC LTD.,INE584A01023,NMDC,NMDC,31485,Large Cap
90,CONTAINER CORPORATION OF INDIA,INE111A01025,CONCOR,CONCOR,31389,Large Cap
91,INDIABULLS HOUSING FINANCE LTD,INE148I01020,IBULHSGFIN,IBULHSGFIN,31172,Large Cap
92,GLAXOSMITHKLINE CONSUMER HEALT,INE264A01014,GSKCONS,GSKCONS,30781,Large Cap
93,BERGER PAINTS INDIA LTD.,INE463A01038,BERGEPAINT,BERGEPAINT,30580,Large Cap
94,POWER FINANCE CORPORATION LTD.,INE134E01011,PFC,PFC,30231,Large Cap
95,ORACLE FINANCIAL SERVICES SOFT,INE881D01027,OFSS,OFSS,29982,Large Cap
96,LARSEN & TOUBRO INFOTECH LIMITED,INE214T01019,LTI,LTI,29945,Large Cap
97,TORRENT PHARMACEUTICALS LTD.,INE685A01028,TORNTPHARM,TORNTPHARM,29565,Large Cap
98,ABB INDIA LIMITED,INE117A01022,ABB,ABB,29154,Large Cap
99,THE NEW INDIA ASSURANCE COMPANY LIMITED,INE470Y01017,NIACL,NIACL,29004,Large Cap
100,ACC LTD.,INE012A01025,ACC,ACC,28919,Large Cap
101,REC LIMITED,INE020B01018,RECLTD,RECLTD,27454,Mid Cap
102,RBL Bank Limited,INE976G01028,RBLBANK,RBLBANK,26670,Mid Cap
103,L&T FINANCE HOLDINGS LTD.,INE498L01015,L&TFH,L&TFH,26670,Mid Cap
104,ASHOK LEYLAND LTD.,INE208A01029,ASHOKLEY,ASHOKLEY,25970,Mid Cap
105,SHRIRAM TRANSPORT FINANCE CO.L,INE721A01013,SRTRANSFIN,SRTRANSFIN,25642,Mid Cap
106,MAHINDRA & MAHINDRA FINANCIAL,INE774D01024,M&MFIN,M&MFIN,25559,Mid Cap
107,3M INDIA LTD.,INE470A01017,3MINDIA,3MINDIA,25480,Mid Cap
108,LIC HOUSING FINANCE LTD.,INE115A01026,LICHSGFIN,LICHSGFIN,25357,Mid Cap
109,PAGE INDUSTRIES LTD.,INE761H01022,PAGEIND,PAGEIND,25164,Mid Cap
110,NHPC LTD.,INE848E01016,NHPC,NHPC,24803,Mid Cap
111,MRF LTD.,INE883A01011,MRF,MRF,24588,Mid Cap
112,KANSAI NEROLAC PAINTS LTD.,INE531A01024,KANSAINER,KANSAINER,24140,Mid Cap
113,BHARAT HEAVY ELECTRICALS LTD.,INE257A01026,BHEL,BHEL,24098,Mid Cap
114,Adani Transmission Limited,INE931S01010,ADANITRANS,ADANITRANS,23872,Mid Cap
115,Hindustan Aeronautics Limited,INE066F01012,HAL,HAL,23346,Mid Cap
116,TVS MOTOR COMPANY LTD.,INE494B01023,TVSMOTOR,TVSMOTOR,23264,Mid Cap
117,MUTHOOT FINANCE LTD.,INE414G01012,MUTHOOTFIN,MUTHOOTFIN,23054,Mid Cap
118,INFO EDGE (INDIA) LTD.,INE663F01024,NAUKRI,NAUKRI,22744,Mid Cap
119,BHARAT ELECTRONICS LTD.,INE263A01024,BEL,BEL,22663,Mid Cap
120,BHARAT FORGE LTD.,INE465A01025,BHARATFORG,BHARATFORG,22473,Mid Cap
121,BANK OF INDIA,INE084A01016,BANKINDIA,BANKINDIA,22471,Mid Cap
122,GLAXOSMITHKLINE PHARMACEUTICAL,INE159A01016,GLAXO,GLAXO,22457,Mid Cap
123,GILLETTE INDIA LTD.,INE322A01010,GILLETTE,GILLETTE,22338,Mid Cap
124,SUN TV NETWORK LTD.,INE424H01027,SUNTV,SUNTV,22332,Mid Cap
125,Future Retail Ltd.,INE752P01024,FRETAIL,FRETAIL,22211,Mid Cap
126,IDFC FIRST BANK LIMITED,INE092T01019,IDFCFIRSTB,IDFCFIRSTB,21748,Mid Cap
127,Alkem Laboratories Limited,INE540L01014,ALKEM,ALKEM,21377,Mid Cap
128,STEEL AUTHORITY OF INDIA LTD.,INE114A01011,SAIL,SAIL,21218,Mid Cap
129,INDRAPRASTHA GAS LTD.,INE203G01027,IGL,IGL,21127,Mid Cap
130,CUMMINS INDIA LTD.,INE298A01020,CUMMINSIND,CUMMINSIND,20934,Mid Cap
131,CHOLAMANDALAM INVESTMENT AND F,INE121A01024,CHOLAFIN,CHOLAFIN,20838,Mid Cap
132,Aditya Birla Capital Ltd,INE674K01013,ABCAPITAL,ABCAPITAL,20799,Mid Cap
133,HONEYWELL AUTOMATION INDIA LTD,INE671A01010,HONAUT,HONAUT,20407,Mid Cap
134,GRUH FINANCE LTD.,INE580B01029,GRUH,GRUH,20158,Mid Cap
135,OIL INDIA LTD.,INE274J01014,OIL,OIL,20065,Mid Cap
136,CANARA BANK,INE476A01014,CANBK,CANBK,19517,Mid Cap
137,VOLTAS LTD.,INE226A01021,VOLTAS,VOLTAS,19204,Mid Cap
138,EXIDE INDUSTRIES LTD.,INE302A01020,EXIDEIND,EXIDEIND,18783,Mid Cap
139,TATA POWER CO.LTD.,INE245A01021,TATAPOWER,TATAPOWER,18775,Mid Cap
140,FEDERAL BANK LTD.,INE171A01029,FEDERALBNK,FEDERALBNK,18757,Mid Cap
141,RAJESH EXPORTS LTD.,INE343B01030,RAJESHEXPO,RAJESHEXPO,18713,Mid Cap
142,DALMIA BHARAT LIMITED,INE00R701025,DALBHARAT,DALBHARAT,18705,Mid Cap
143,GODREJ PROPERTIES LTD,INE484J01027,GODREJPROP,GODREJPROP,18557,Mid Cap
144,WHIRLPOOL OF INDIA LTD.,INE716A01013,WHIRLPOOL,WHIRLPOOL,18491,Mid Cap
145,OBEROI REALTY LTD.,INE093I01010,OBEROIRLTY,OBEROIRLTY,18405,Mid Cap
146,MPHASIS LTD.,INE356A01018,MPHASIS,MPHASIS,18302,Mid Cap
147,AU Small Finance Bank Limited,INE949L01017,AUBANK,AUBANK,18254,Mid Cap
148,ADANI POWER LTD.,INE814H01011,ADANIPOWER,ADANIPOWER,18116,Mid Cap
149,INDIAN HOTELS CO.LTD.,INE053A01029,INDHOTEL,INDHOTEL,17403,Mid Cap
150,EMAMI LTD.,INE548C01032,EMAMILTD,EMAMILTD,17383,Mid Cap
151,INDIABULLS VENTURES LTD.,INE274G01010,IBVENTURES,IBVENTURES,17347,Mid Cap
152,JUBILANT FOODWORKS LTD,INE797F01012,JUBLFOOD,JUBLFOOD,17258,Mid Cap
153,APOLLO HOSPITALS ENTERPRISE LT,INE437A01024,APOLLOHOSP,APOLLOHOSP,17239,Mid Cap
154,GLENMARK PHARMACEUTICALS LTD.,INE935A01035,GLENMARK,GLENMARK,17093,Mid Cap
155,L&T Technology Services Limite,INE010V01017,LTTS,LTTS,16984,Mid Cap
156,GODREJ INDUSTRIES LTD.,INE233A01035,GODREJIND,GODREJIND,16915,Mid Cap
157,BATA INDIA LTD.,INE176A01028,BATAINDIA,BATAINDIA,16881,Mid Cap
158,THE RAMCO CEMENTS LIMITED,INE331A01037,RAMCOCEM,RAMCOCEM,16768,Mid Cap
159,SUNDARAM FINANCE LTD.,INE660A01013,SUNDARMFIN,SUNDARMFIN,16684,Mid Cap
160,Endurance Technologies Limited,INE913H01037,ENDURANCE,ENDURANCE,16671,Mid Cap
161,BALKRISHNA INDUSTRIES LTD.,INE787D01026,BALKRISIND,BALKRISIND,16648,Mid Cap
162,Aditya Birla Fashion and Retai,INE647O01011,ABFRL,ABFRL,16456,Mid Cap
163,ABBOTT INDIA LTD.,INE358A01014,ABBOTINDIA,,16441,Mid Cap
164,AIA ENGINEERING LTD.,INE212H01026,AIAENG,AIAENG,16204,Mid Cap
165,EDELWEISS FINANCIAL SERVICES L,INE532F01054,EDELWEISS,EDELWEISS,15717,Mid Cap
166,TATA CHEMICALS LTD.,INE092A01019,TATACHEM,TATACHEM,15678,Mid Cap
167,Varun Beverages Limited,INE200M01013,VBL,VBL,15580,Mid Cap
168,TATA COMMUNICATIONS LTD.,INE151A01013,TATACOMM,TATACOMM,15514,Mid Cap
169,ADANI ENTERPRISES LTD.,INE423A01024,ADANIENT,ADANIENT,15425,Mid Cap
170,JINDAL STEEL & POWER LTD.,INE749A01030,JINDALSTEL,JINDALSTEL,15337,Mid Cap
171,MINDTREE LTD.,INE018I01017,MINDTREE,MINDTREE,15323,Mid Cap
172,CASTROL INDIA LTD.,INE172A01027,CASTROLIND,CASTROLIND,15215,Mid Cap
173,CITY UNION BANK LTD.,INE491A01021,CUB,CUB,14498,Mid Cap
174,PNB Housing Finance Limited,INE572E01012,PNBHOUSING,PNBHOUSING,14260,Mid Cap
175,ASTRAL POLY TECHNIK LTD.,INE006I01046,ASTRAL,ASTRAL,14201,Mid Cap
176,BAYER CROPSCIENCE LTD.,INE462A01022,BAYERCROP,,14128,Mid Cap
177,PFIZER LTD.,INE182A01018,PFIZER,PFIZER,14086,Mid Cap
178,Crompton Greaves Consumer Elec,INE299U01018,CROMPTON,CROMPTON,14076,Mid Cap
179,SRF LTD.,INE647A01010,SRF,SRF,14070,Mid Cap
180,Bharat Financial Inclusion Lim,INE180K01011,BHARATFIN,BHARATFIN,13780,Mid Cap
181,P.I.INDUSTRIES LTD.,INE603J01030,PIIND,PIIND,13713,Mid Cap
182,Adani Gas Limited,INE399L01023,ADANIGAS,ADANIGAS,13672,Mid Cap
183,SUPREME INDUSTRIES LTD.,INE195A01028,SUPREMEIND,SUPREMEIND,13628,Mid Cap
184,TATA GLOBAL BEVERAGES LIMITED,INE192A01025,TATAGLOBAL,TATAGLOBAL,13526,Mid Cap
185,SANOFI INDIA LTD,INE058A01010,SANOFI,SANOFI,13429,Mid Cap
186,AARTI INDUSTRIES LTD.,INE769A01020,AARTIIND,AARTIIND,13316,Mid Cap
187,COROMANDEL INTERNATIONAL LTD.,INE169A01031,COROMANDEL,COROMANDEL,12940,Mid Cap
188,THERMAX LTD.,INE152A01029,THERMAX,THERMAX,12237,Mid Cap
189,TRENT LTD.,INE849A01020,TRENT,TRENT,12135,Mid Cap
190,TORRENT POWER LTD.,INE813H01021,TORNTPOWER,TORNTPOWER,12102,Mid Cap
191,INDIAN BANK,INE562A01011,INDIANB,INDIANB,12063,Mid Cap
192,IIFL FINANCE LIMITED,INE530B01024,IIFL,IIFL,12042,Mid Cap
193,Syngene International Limited,INE398R01022,SYNGENE,SYNGENE,12007,Mid Cap
194,WABCO INDIA LTD.,INE342J01019,WABCOINDIA,WABCOINDIA,11918,Mid Cap
195,AMARA RAJA BATTERIES LTD.,INE885A01032,AMARAJABAT,AMARAJABAT,11887,Mid Cap
196,APOLLO TYRES LTD.,INE438A01022,APOLLOTYRE,APOLLOTYRE,11877,Mid Cap
197,MANGALORE REFINERY & PETROCHEM,INE103A01014,MRPL,MRPL,11791,Mid Cap
198,Reliance Nippon Life Asset Man,INE298J01013,RNAM,RNAM,11485,Mid Cap
199,Max Financial Services Limited,INE180A01020,MFSL,MFSL,11389,Mid Cap
200,JSW ENERGY LTD,INE121E01018,JSWENERGY,JSWENERGY,11301,Mid Cap
201,SUNDRAM FASTENERS LTD.,INE387A01021,SUNDRMFAST,SUNDRMFAST,11206,Mid Cap
202,IPCA LABORATORIES LTD.,INE571A01020,IPCALAB,IPCALAB,11090,Mid Cap
203,CRISIL LTD.,INE007A01025,CRISIL,CRISIL,10915,Mid Cap
204,NATCO PHARMA LTD.,INE987B01026,NATCOPHARM,NATCOPHARM,10801,Mid Cap
205,GUJARAT FLUOROCHEMICALS LTD.,INE538A01037,GUJFLUORO,GUJFLUORO,10771,Mid Cap
206,UNION BANK OF INDIA,INE692A01016,UNIONBANK,UNIONBANK,10770,Mid Cap
207,SHRIRAM CITY UNION FINANCE LTD,INE722A01011,SHRIRAMCIT,SHRIRAMCIT,10690,Mid Cap
208,HATSUN AGRO PRODUCT LTD.,INE473B01035,HATSUN,HATSUN,10673,Mid Cap
209,EIH LTD.,INE230A01023,EIHOTEL,EIHOTEL,10644,Mid Cap
210,ATUL LTD.,INE100A01010,ATUL,ATUL,10619,Mid Cap
211,NBCC (India) Limited,INE095N01031,NBCC,NBCC,10563,Mid Cap
212,JUBILANT LIFE SCIENCES LIMITED,INE700A01033,JUBILANT,JUBILANT,10559,Mid Cap
213,HEXAWARE TECHNOLOGIES LTD.,INE093A01033,HEXAWARE,HEXAWARE,10351,Mid Cap
214,CENTRAL BANK OF INDIA,INE483A01010,CENTRALBK,CENTRALBK,10306,Mid Cap
215,Gujarat Gas Limited,INE844O01030,GUJGAS,GUJGASLTD,10266,Mid Cap
216, CORPORATION BANK,INE112A01023,CORPBANK,CORPBANK,10245,Mid Cap
217,ALEMBIC PHARMACEUTICALS LTD.,INE901L01018,APLLTD,APLLTD,10243,Mid Cap
218,NATIONAL ALUMINIUM CO.LTD.,INE139A01034,NATIONALUM,NATIONALUM,10177,Mid Cap
219,ALLAHABAD BANK,INE428A01015,ALBK,ALBK,10175,Mid Cap
220,GUJARAT STATE PETRONET LTD.,INE246F01010,GSPL,GSPL,10083,Mid Cap
221,CENTURY TEXTILES & INDUSTRIES,INE055A01016,CENTURYTEX,CENTURYTEX,9981,Mid Cap
222,Quess Corp Limited,INE615P01015,QUESS,QUESS,9960,Mid Cap
223,FORTIS HEALTHCARE LTD.,INE061F01013,FORTIS,FORTIS,9932,Mid Cap
224,ORIENTAL BANK OF COMMERCE,INE141A01014,ORIENTBANK,ORIENTBANK,9909,Mid Cap
225,GMR INFRASTRUCTURE LTD.,INE776C01039,GMRINFRA,GMRINFRA,9874,Mid Cap
226,SKF INDIA LTD.,INE640A01023,SKFINDIA,SKFINDIA,9862,Mid Cap
227,MANAPPURAM FINANCE LTD.,INE522D01027,MANAPPURAM,MANAPPURAM,9855,Mid Cap
228,RELAXO FOOTWEARS LTD.,INE131B01039,RELAXO,RELAXO,9749,Mid Cap
229,SJVN LTD,INE002L01015,SJVN,SJVN,9710,Mid Cap
230,INDIAN OVERSEAS BANK,INE565A01014,IOB,IOB,9704,Mid Cap
231,MOTILAL OSWAL FINANCIAL SERVIC,INE338I01027,MOTILALOFS,MOTILALOFS,9703,Mid Cap
232,SOLAR INDUSTRIES INDIA LTD.,INE343H01029,SOLARINDS,SOLARINDS,9617,Mid Cap
233,Godrej Agrovet Limited,INE850D01014,GODREJAGRO,GODREJAGRO,9615,Mid Cap
234,THE PHOENIX MILLS LTD,INE211B01039,PHOENIXLTD,PHOENIXLTD,9459,Mid Cap
235,TTK PRESTIGE LTD.,INE690A01010,TTKPRESTIG,TTKPRESTIG,9447,Mid Cap
236,NLC India Limited,INE589A01014,NLCINDIA,NLCINDIA,9391,Mid Cap
237,UCO BANK,INE691A01018,UCOBANK,UCOBANK,9182,Mid Cap
238,Polycab India Limited,INE455K01017,POLYCAB,POLYCAB,9178,Mid Cap
239,V-GUARD INDUSTRIES LTD.,INE951I01027,VGUARD,VGUARD,9169,Mid Cap
240,GRAPHITE INDIA LTD.,INE371A01025,GRAPHITE,GRAPHITE,9130,Mid Cap
241,CESC LTD.,INE486A01013,CESC,CESC,9119,Mid Cap
242,KAJARIA CERAMICS LTD.,INE217B01036,KAJARIACER,KAJARIACER,9094,Mid Cap
243,AJANTA PHARMA LTD.,INE031B01049,AJANTPHARM,AJANTPHARM,9079,Mid Cap
244,Mahanagar Gas Limited,INE002S01010,MGL,MGL,9043,Mid Cap
245,CHOLAMANDALAM FINANCIAL HOLDIN,INE149A01033,CHOLAHLDNG,CHOLAHLDNG,9027,Mid Cap
246,PRESTIGE ESTATES PROJECTS LTD.,INE811K01011,PRESTIGE,PRESTIGE,9025,Mid Cap
247,VINATI ORGANICS LTD.,INE410B01029,VINATIORGA,VINATIORGA,8971,Mid Cap
248,AAVAS Financiers Limited,INE216P01012,AAVAS,AAVAS,8957,Mid Cap
249,SYMPHONY LIMITED,INE225D01027,SYMPHONY,SYMPHONY,8881,Mid Cap
250,STERLITE TECHNOLOGIES LTD.,INE089C01029,STRTECH,STRTECH,8857,Mid Cap
251,Schaeffler India Limited,INE513A01014,SCHAEFFLER,SCHAEFFLER,8800,Small Cap
252,MAHINDRA CIE AUTOMOTIVE LIMITE,INE536H01010,MAHINDCIE,MAHINDCIE,8788,Small Cap
253,FUTURE LIFESTYLE FASHIONS LTD,INE452O01016,FLFL,FLFL,8695,Small Cap
254,HEG LTD.,INE545A01016,HEG,HEG,8669,Small Cap
255,Dr. Lal Pathlabs Limited,INE600L01024,LALPATHLAB,LALPATHLAB,8668,Small Cap
256,MINDA INDUSTRIES LTD.,INE405E01023,MINDAIND,MINDAIND,8605,Small Cap
257,THOMAS COOK (INDIA) LTD.,INE332A01027,THOMASCOOK,THOMASCOOK,8516,Small Cap
258,KIOCL Limited,INE880L01014,KIOCL,KIOCL,8496,Small Cap
259,Housing &Urban Development Cor,INE031A01017,HUDCO,HUDCO,8431,Small Cap
260,BOMBAY BURMAH TRADING CORP.LTD,INE050A01025,BBTC,BBTC,8427,Small Cap
261,Eris Lifesciences Limited,INE406M01024,ERIS,ERIS,8419,Small Cap
262,ITI LTD.,INE248A01017,ITI,ITI,8415,Small Cap
263,ESCORTS LTD.,INE042A01014,ESCORTS,ESCORTS,8341,Small Cap
264,Future Consumer Limited,INE220J01025,FCONSUMER,FCONSUMER,8289,Small Cap
265,AKZO NOBEL INDIA LIMITED,INE133A01011,AKZOINDIA,AKZOINDIA,8181,Small Cap
266,NIIT TECHNOLOGIES LTD.,INE591G01017,NIITTECH,NIITTECH,7950,Small Cap
267,KRBL LTD.,INE001B01026,KRBL,KRBL,7880,Small Cap
268,Varroc Engineering Limited,INE665L01035,VARROC,VARROC,7870,Small Cap
269,PVR LTD.,INE191H01014,PVR,PVR,7675,Small Cap
270,SYNDICATE BANK,INE667A01018,SYNDIBANK,SYNDIBANK,7661,Small Cap
271,Aster DM Healthcare Limited,INE914M01019,ASTERDM,ASTERDM,7561,Small Cap
272,KEC INTERNATIONAL LTD.,INE389H01022,KEC,KEC,7341,Small Cap
273,BLUE DART EXPRESS LTD.,INE233B01017,BLUEDART,BLUEDART,7302,Small Cap
274,ENGINEERS INDIA LTD.,INE510A01028,ENGINERSIN,ENGINERSIN,7300,Small Cap
275,ICICI Securities Limited,INE763G01038,ISEC,ISEC,7190,Small Cap
276,JM FINANCIAL LTD.,INE780C01023,JMFINANCIL,JMFINANCIL,7166,Small Cap
277,GE T&D India Limited,INE200A01026,GET&D,GET&D,7015,Small Cap
278,DCM SHRIRAM LIMITED,INE499A01024,DCMSHRIRAM,DCMSHRIRAM,7002,Small Cap
279,Tube Investments of India Ltd,INE974X01010,TIINDIA,TIINDIA,6911,Small Cap
280,CARBORUNDUM UNIVERSAL LTD.,INE120A01034,CARBORUNIV,CARBORUNIV,6886,Small Cap
281,CHAMBAL FERTILISERS & CHEMICAL,INE085A01013,CHAMBLFERT,CHAMBLFERT,6866,Small Cap
282,AEGIS LOGISTICS LTD.,INE208C01025,AEGISLOG,AEGISCHEM,6806,Small Cap
283,Dilip Buildcon Limited,INE917M01012,DBL,DBL,6764,Small Cap
284,CreditAccess Grameen Ltd.,INE741K01010,CREDITACC,CREDITACC,6757,Small Cap
285,CYIENT LIMITED,INE136B01020,CYIENT,CYIENT,6750,Small Cap
286,FINOLEX CABLES LTD.,INE235A01022,FINCABLES,FINCABLES,6744,Small Cap
287,KALPATARU POWER TRANSMISSION L,INE220B01022,KALPATPOWR,KALPATPOWR,6724,Small Cap
288,ZYDUS WELLNESS LTD.,INE768C01010,ZYDUSWELL,ZYDUSWELL,6720,Small Cap
289,JYOTHY LABORATORIES LTD.,INE668F01031,JYOTHYLAB,JYOTHYLAB,6574,Small Cap
290,BLUE STAR LTD.,INE472A01039,BLUESTARCO,BLUESTARCO,6535,Small Cap
291,Chalet Hotels Limited,INE427F01016,CHALET,CHALET,6505,Small Cap
292,V.I.P.INDUSTRIES LTD.,INE054A01027,VIPIND,VIPIND,6499,Small Cap
293,J.K.CEMENT LTD.,INE823G01014,JKCEMENT,JKCEMENT,6437,Small Cap
294,Sheela Foam Limited,INE916U01025,SFL,SFL,6380,Small Cap
295,IDFC LIMITED,INE043D01016,IDFC,IDFC,6380,Small Cap
296,GRINDWELL NORTON LTD.,INE536A01023,GRINDWELL,GRINDWELL,6318,Small Cap
297,KARUR VYSYA BANK LTD.,INE036D01028,KARURVYSYA,KARURVYSYA,6274,Small Cap
298,DCB BANK LIMITED,INE503A01015,DCBBANK,DCBBANK,6247,Small Cap
299,SPICEJET LTD.,INE285B01017,SPICEJET,,6244,Small Cap
300,DELTA CORP LTD.,INE124G01033,DELTACORP,DELTACORP,6199,Small Cap
301,DISH TV INDIA LTD.,INE836F01026,DISHTV,DISHTV,6198,Small Cap
302,VARDHMAN TEXTILES LTD.,INE825A01012,VTL,VTL,6195,Small Cap
303,LAKSHMI MACHINE WORKS LTD.,INE269B01029,LAXMIMACH,LAXMIMACH,6179,Small Cap
304,FINOLEX INDUSTRIES LTD.,INE183A01016,FINOLEXIND,FINPIPE,6172,Small Cap
305,Security and Intelligence Serv,INE285J01010,SIS,SIS,6141,Small Cap
306,SUNTECK REALTY LTD.,INE805D01034,SUNTECK,SUNTECK,6127,Small Cap
307,Adani Green Energy Limited,INE364U01010,ADANIGREEN,ADANIGREEN,6032,Small Cap
308,ASAHI INDIA GLASS LTD.,INE439A01020,ASAHIINDIA,ASAHIINDIA,5974,Small Cap
309,BASF INDIA LTD.,INE373A01013,BASF,BASF,5938,Small Cap
310,PROCTER & GAMBLE HEALTH LIMITE,INE199A01012,PGHL,PGHL,5931,Small Cap
311,Lemon Tree Hotels Limited,INE970X01018,LEMONTREE,LEMONTREE,5819,Small Cap
312,WESTLIFE DEVELOPMENT LTD.,INE274F01020,WESTLIFE,,5817,Small Cap
313,NCC LIMITED,INE868B01028,NCC,NCC,5774,Small Cap
314,TATA ELXSI LTD.,INE670A01012,TATAELXSI,TATAELXSI,5699,Small Cap
315,WELSPUN INDIA LTD.,INE192B01031,WELSPUNIND,WELSPUNIND,5684,Small Cap
316,SUNDARAM-CLAYTON LTD.,INE105A01035,SUNCLAYLTD,SUNCLAYLTD,5658,Small Cap
317,UNITED BANK OF INDIA,INE695A01019,UNITEDBNK,UNITEDBNK,5646,Small Cap
318,GE Power India Ltd,INE878A01011,GEPIL,GEPIL,5622,Small Cap
319,Coffee Day Enterprises Limited,INE335K01011,COFFEEDAY,COFFEEDAY,5586,Small Cap
320,TV18 BROADCAST LTD.,INE886H01027,TV18BRDCST,TV18BRDCST,5546,Small Cap
321,ANDHRA BANK,INE434A01013,ANDHRABANK,ANDHRABANK,5424,Small Cap
322,ZENSAR TECHNOLOGIES LTD.,INE520A01027,ZENSARTECH,ZENSARTECH,5249,Small Cap
323,BAJAJ ELECTRICALS LTD.,INE193E01025,BAJAJELEC,BAJAJELEC,5223,Small Cap
324,VST INDUSTRIES LTD.,INE710A01016,VSTIND,VSTIND,5193,Small Cap
325,Rail Vikas Nigam Limited,INE415G01027,RVNL,RVNL,5186,Small Cap
326,Bharat Dynamics Limited,INE171Z01018,BDL,BDL,5169,Small Cap
327,GODFREY PHILLIPS INDIA LTD.,INE260B01028,GODFRYPHLP,GODFRYPHLP,5129,Small Cap
328,RITES Limited,INE320J01015,RITES,RITES,5048,Small Cap
329,Arvind Fashions Limited,INE955V01021,ARVINDFASN,ARVINDFASN,5044,Small Cap
330,BAJAJ CONSUMER CARE LIMITED,INE933K01021,BAJAJCON,BAJAJCON,5041,Small Cap
331,VAKRANGEE LIMITED,INE051B01021,VAKRANGEE,VAKRANGEE,5024,Small Cap
332,AVANTI FEEDS LTD.,INE871C01038,AVANTI,AVANTIFEED,5006,Small Cap
333,TeamLease Services Limited,INE985S01024,TEAMLEASE,TEAMLEASE,4971,Small Cap
334,Johnson Controls-Hitachi Air C,INE782A01015,JCHAC,JCHAC,4959,Small Cap
335,Cochin Shipyard Limited,INE704P01017,COCHINSHIP,COCHINSHIP,4952,Small Cap
336,RADICO KHAITAN LTD.,INE944F01028,RADICO,RADICO,4940,Small Cap
337,PERSISTENT SYSTEMS LTD.,INE262H01013,PERSISTENT*,PERSISTENT,4934,Small Cap
338,RAYMOND LTD.,INE301A01014,RAYMOND,RAYMOND,4809,Small Cap
339,ASTRAZENECA PHARMA INDIA LTD.,INE203A01020,ASTRAZEN,ASTRAZEN,4807,Small Cap
340,Metropolis Healthcare Limited,INE112L01020,METROPOLIS,METROPOLIS,4795,Small Cap
341,TCNS Clothing Co. Limited,INE778U01029,TCNSBRANDS,TCNSBRANDS,4781,Small Cap
342,Indian Energy Exchange Limited,INE022Q01020,IEX,IEX,4760,Small Cap
343,Himadri Speciality Chemical Lt,INE019C01026,HSCL,HSCL,4759,Small Cap
344,WOCKHARDT LTD.,INE049B01025,WOCKPHARMA,WOCKPHARMA,4695,Small Cap
345,GUJARAT NARMADA VALLEY FERTILI,INE113A01013,GNFC,GNFC,4681,Small Cap
346,IRB INFRASTRUCTURE DEVELOPERS,INE821I01014,IRB,IRB,4679,Small Cap
347,SOBHA,INE671H01015,SOBHA,SOBHA,4604,Small Cap
348,TATA INVESTMENT CORPORATION LT,INE672A01018,TATAINVEST,TATAINVEST,4572,Small Cap
349,V-MART RETAIL LTD.,INE665J01013,VMART,VMART,4533,Small Cap
350,SITAL LEASING AND FINANCE LIMITED,INE341O01029,,,4523,Small Cap
351,LINDE INDIA LIMITED,INE473A01011,LINDEINDIA,LINDEINDIA,4521,Small Cap
352,TIMKEN INDIA LTD.,INE325A01013,TIMKEN,TIMKEN,4478,Small Cap
353,PRISM JOHNSON LIMITED.,INE010A01011,PRSMJOHNSN,PRSMJOHNSN,4404,Small Cap
354,DEWAN HOUSING FINANCE CORPORAT,INE202B01012,DHFL,DHFL,4387,Small Cap
355,CEAT LTD.,INE482A01020,CEATLTD,CEATLTD,4383,Small Cap
356,Star Cement Limited,INE460H01021,STARCEMENT,STARCEMENT,4378,Small Cap
357,MONSANTO INDIA LTD.,INE274B01011,MONSANTO,MONSANTO,4341,Small Cap
358,Equitas Holdings Limited,INE988K01017,EQUITAS,EQUITAS,4339,Small Cap
359,INDIABULLS REAL ESTATE LTD.,INE069I01010,IBREALEST,IBREALEST,4337,Small Cap
360,GULF OIL LUBRICANTS INDIA LTD,INE635Q01029,GULFOILLUB,GULFOILLUB,4303,Small Cap
361,GREAT EASTERN SHIPPING CO.LTD.,INE017A01032,GESHIP*,GESHIP,4298,Small Cap
362,GUJARAT PIPAVAV PORT LTD.,INE517F01014,GPPL,GPPL,4295,Small Cap
363,SUN PHARMA ADVANCED RESEARCH C,INE232I01014,SPARC,SPARC,4285,Small Cap
364,Narayana Hrudayalaya Limited,INE410P01011,NH,NH,4272,Small Cap
365,HINDUSTAN COPPER LTD.,INE531E01026,HINDCOPPER,HINDCOPPER,4247,Small Cap
366,SHOPPERS STOP LTD.,INE498B01024,SHOPERSTOP,SHOPERSTOP,4247,Small Cap
367,BANK OF MAHARASHTRA,INE457A01014,MAHABANK,MAHABANK,4207,Small Cap
368,RATNAMANI METALS & TUBES LTD.,INE703B01027,RATNAMANI,RATNAMANI,4206,Small Cap
369,BIRLA CORPORATION LTD.,INE340A01012,BIRLACORPN,BIRLACORPN,4176,Small Cap
370,MAHARASHTRA SCOOTERS LTD.,INE288A01013,MAHSCOOTER,MAHSCOOTER,4174,Small Cap
371,K.P.R.MILL LIMITED,INE930H01023,KPRMILL,KPRMILL,4163,Small Cap
372,CAN FIN HOMES LTD.,INE477A01020,CANFINHOME,CANFINHOME,4122,Small Cap
373,PNC Infratech Limited,INE195J01029,PNCINFRA,PNCINFRA,4076,Small Cap
374,ELGI EQUIPMENTS LTD.,INE285A01027,ELGIEQUIP,ELGIEQUIP,4058,Small Cap
375,HATHWAY CABLE & DATACOM LTD,INE982F01036,HATHWAY,HATHWAY,4039,Small Cap
376,STRIDES PHARMA SCIENCE LIMITED,INE939A01011,STAR,STAR,4038,Small Cap
377,MOIL LTD.,INE490G01020,MOIL,MOIL,4023,Small Cap
378,MMTC LTD.,INE123F01029,MMTC,MMTC,3997,Small Cap
379,GUJARAT STATE FERTILIZERS & CH,INE026A01025,GSFC,GSFC,3985,Small Cap
380,ECLERX SERVICES LTD.,INE738I01010,ECLERX,ECLERX,3979,Small Cap
381,JK LAKSHMI CEMENT LTD.,INE786A01032,JKLAKSHMI,JKLAKSHMI,3978,Small Cap
382,RELIANCE CAPITAL LTD.,INE013A01015,RELCAPITAL,RELCAPITAL,3952,Small Cap
383,Fine Organic Industries Limite,INE686Y01026,FINEORG,FINEORG,3924,Small Cap
384,MULTI COMMODITY EXCHANGE OF IN,INE745G01035,MCX,,3920,Small Cap
385,HEIDELBERGCEMENT INDIA LTD.,INE578A01017,HEIDELBERG,HEIDELBERG,3915,Small Cap
386,Laurus Labs Limited,INE947Q01010,LAURUSLABS,LAURUSLABS,3905,Small Cap
387,CENTURY PLYBOARDS (I) LTD.,INE348B01021,CENTURYPLY,CENTURYPLY,3903,Small Cap
388,RELIANCE INFRASTRUCTURE LTD.,INE036A01016,RELINFRA,RELINFRA,3894,Small Cap
389,SADBHAV ENGINEERING LTD.,INE226H01026,SADBHAV,SADBHAV,3885,Small Cap
390,Galaxy Surfactants Limited,INE600K01018,GALAXYSURF,GALAXYSURF,3858,Small Cap
391,JUST DIAL LTD.,INE599M01018,JUSTDIAL,JUSTDIAL,3824,Small Cap
392,OMAXE LTD.,INE800H01010,OMAXE,OMAXE,3802,Small Cap
393,ESSEL PROPACK LTD.,INE255A01020,ESSELPRO,ESSELPACK,3784,Small Cap
394,Ujjivan Financial Services Lim,INE334L01012,UJJIVAN,UJJIVAN,3777,Small Cap
395,IRCON International Ltd,INE962Y01013,IRCON,IRCON,3760,Small Cap
396,ISGEC HEAVY ENGINEERING LTD.,INE858B01029,ISGEC,,3754,Small Cap
397,GUJARAT ALKALIES & CHEMICALS L,INE186A01019,GUJALKALI,GUJALKALI,3728,Small Cap
398,BEML LTD.,INE258A01016,BEML,BEML,3718,Small Cap
399,EXCEL CROP CARE LTD.,INE223G01017,EXCELCROP,EXCELCROP,3690,Small Cap
400,RAIN INDUSTRIES LIMITED,INE855B01025,RAIN,RAIN,3681,Small Cap
401,CCL PRODUCTS (INDIA) LTD.,INE421D01022,CCL,CCL,3596,Small Cap
402,ASHOKA BUILDCON LTD.,INE442H01029,ASHOKA,ASHOKA,3593,Small Cap
403,CHENNAI PETROLEUM CORPORATION,INE178A01016,CHENNPETRO,CHENNPETRO,3586,Small Cap
404,REDINGTON (INDIA) LTD.,INE891D01026,REDINGTON,REDINGTON,3579,Small Cap
405,RELIANCE POWER LTD.,INE614G01033,RPOWER,RPOWER,3529,Small Cap
406,NETWORK18 MEDIA & INVESTMENTS,INE870H01013,NETWORK18,NETWORK18,3524,Small Cap
407,TRIVENI TURBINE LTD.,INE152M01016,TRITURBINE,TRITURBINE,3520,Small Cap
408,DEEPAK NITRITE LTD.,INE288B01029,DEEPAKNI,DEEPAKNTR,3519,Small Cap
409,Mahindra Logistics Limited,INE766P01016,MAHLOG,MAHLOG,3511,Small Cap
410,Dishman Carbogen Amcis Limited,INE385W01011,DCAL,DCAL,3505,Small Cap
411,SONATA SOFTWARE LTD.,INE269A01021,SONATSOFTW,SONATSOFTW,3498,Small Cap
412,CERA SANITARYWARE LTD.,INE739E01017,CERA,CERA,3497,Small Cap
413,E.I.D.-PARRY (INDIA) LTD.,INE126A01031,EIDPARRY,EIDPARRY,3459,Small Cap
414,IFB INDUSTRIES LTD.,INE559A01017,IFBIND,IFBIND,3381,Small Cap
415,WELSPUN CORP LIMITED,INE191B01025,WELCORP,WELCORP,3376,Small Cap
416,KNR CONSTRUCTIONS LTD.,INE634I01029,KNRCON,KNRCON,3375,Small Cap
417,NESCO LTD.,INE317F01035,NESCO,NESCO,3370,Small Cap
418,FIRSTSOURCE SOLUTIONS LTD.,INE684F01012,FSL,FSL,3368,Small Cap
419,KAMA HOLDINGS LIMITED,INE411F01010,KAMAHOLD,,3359,Small Cap
420,NAVIN FLUORINE INTERNATIONAL L,INE048G01026,NAVINFLUOR,NAVINFLUOR,3357,Small Cap
421,KARNATAKA BANK LTD.,INE614B01018,KTKBANK,KTKBANK,3357,Small Cap
422,TRIDENT LTD.,INE064C01014,TRIDENT,TRIDENT,3355,Small Cap
423,IndoStar Capital Finance Limit,INE896L01010,INDOSTAR,INDOSTAR,3325,Small Cap
424,PC JEWELLER LTD.,INE785M01013,PCJEWELLER,PCJEWELLER,3301,Small Cap
425,GREAVES COTTON LTD.,INE224A01026,GREAVESCOT,GREAVESCOT,3290,Small Cap
426,D B CORP LTD,INE950I01011,DBCORP,DBCORP,3284,Small Cap
427,RASHTRIYA CHEMICALS & FERTILIZ,INE027A01015,RCF,RCF,3269,Small Cap
428,APL APOLLO TUBES LTD.,INE702C01019,APLAPOLLO,APLAPOLLO,3266,Small Cap
429,JAGRAN PRAKASHAN LTD.,INE199G01027,JAGRAN,JAGRAN,3232,Small Cap
430,MAHARASHTRA SEAMLESS LTD.,INE271B01025,MAHSEAMLES,MAHSEAMLES,3214,Small Cap
431,Orient Electric Limited,INE142Z01019,ORIENTELEC,ORIENTELEC,3214,Small Cap
432,LUX Industries Limited,INE150G01020,LUXIND,LUXIND,3183,Small Cap
433,KEI INDUSTRIES LTD.,INE878B01027,KEI,KEI,3161,Small Cap
434,SUVEN LIFE SCIENCES LTD.,INE495B01038,SUVEN,SUVEN,3159,Small Cap
435,Sharda Cropchem Limited,INE221J01015,SHARDACROP,SHARDACROP,3149,Small Cap
436,KAVERI SEED COMPANY LTD.,INE455I01029,KSCL,KSCL,3134,Small Cap
437,BSE LTD.,INE118H01025,,BSE,3117,Small Cap
438,MAGMA FINCORP LTD.,INE511C01022,MAGMA,MAGMA,3115,Small Cap
439,BRIGADE ENTERPRISES LTD.,INE791I01019,BRIGADE,BRIGADE,3103,Small Cap
440,GAYATRI PROJECTS LTD.,INE336H01023,GAYAPROJ,GAYAPROJ,3095,Small Cap
441,INOX LEISURE LTD.,INE312H01016,INOXLEISUR,INOXLEISUR,3069,Small Cap
442,MAS Financial Services Limited,INE348L01012,MASFIN,MASFIN,3062,Small Cap
443,JSW HOLDINGS LIMITED,INE824G01012,JSWHL,JSWHL,3054,Small Cap
444,RALLIS INDIA LTD.,INE613A01020,RALLIS,RALLIS,3038,Small Cap
445,Sadbhav Infrastructure Project,INE764L01010,SADBHIN,SADBHIN,3021,Small Cap
446,BALRAMPUR CHINI MILLS LTD.,INE119A01028,BALRAMCHIN,BALRAMCHIN,3009,Small Cap
447,SUZLON ENERGY LTD.,INE040H01021,SUZLON,SUZLON,2988,Small Cap
448,SUPRAJIT ENGINEERING LTD.,INE399C01030,SUPRAJIT,SUPRAJIT,2988,Small Cap
449,INDIA CEMENTS LTD.,INE383A01012,INDIACEM,INDIACEM,2987,Small Cap
450,FDC LTD.,INE258B01022,FDC,FDC,2986,Small Cap
451,Minda Corporation Limited,INE842C01021,MINDACORP,MINDACORP,2985,Small Cap
452,SHILPA MEDICARE LTD.,INE790G01031,SHILPAMED,SHILPAMED,2982,Small Cap
453,ICRA LTD.,INE725G01011,ICRA,ICRA,2958,Small Cap
454,FEDERAL-MOGUL GOETZE (INDIA) L,INE529A01010,FMGOETZE,FMGOETZE,2954,Small Cap
455,MAHINDRA HOLIDAYS & RESORTS IN,INE998I01010,MHRIL,MHRIL,2950,Small Cap
456,VENKYS (INDIA) LTD.,INE398A01010,VENKYS,VENKEYS,2932,Small Cap
457,CAPLIN POINT LABORATORIES LTD.,INE475E01026,CAPPL,CAPLIPOINT,2914,Small Cap
458,CARE Ratings Limited,INE752H01013,CARERATING,CARERATING,2870,Small Cap
459,INTELLECT DESIGN ARENA LIMITED,INE306R01017,INTELLECT,INTELLECT,2857,Small Cap
460,INFIBEAM AVENUES LIMITED,INE483S01020,INFIBEAM,INFIBEAM,2835,Small Cap
461,BIRLASOFT LIMITED,INE836A01035,BSOFT,BSOFT,2773,Small Cap
462,JAIN IRRIGATION SYSTEMS LTD.,INE175A01038,JISLJALEQS,JISLJALEQS,2767,Small Cap
463,Techno Electric & Engineering ,INE285K01026,TECHNOE,TECHNOE,2760,Small Cap
464,FORBES & COMPANY LTD.,INE518A01013,FORBESCO,,2755,Small Cap
465,PHILLIPS CARBON BLACK LTD.,INE602A01023,PHILIPCARB,PHILIPCARB,2755,Small Cap
466,HIMACHAL FUTURISTIC COMMUNICAT,INE548A01028,HFCL,HFCL,2747,Small Cap
467,J.B.CHEMICALS & PHARMACEUTICAL,INE572A01028,JBCHEPHARM,JBCHEPHARM,2746,Small Cap
468,CAPRI GLOBAL CAPITAL LIMITED,INE180C01026,CGCL,CGCL,2740,Small Cap
469,KPIT Technologies Ltd,INE04I401011,KPITTECH,KPITTECH,2707,Small Cap
470,Thyrocare Technologies Limited,INE594H01019,THYROCARE,THYROCARE,2700,Small Cap
471,ORIENT REFRACTORIES LTD.,INE743M01012,ORIENTREF,ORIENTREF,2675,Small Cap
472,JAMMU & KASHMIR BANK LTD.,INE168A01041,J&KBANK,J&KBANK,2673,Small Cap
473,SOUTH INDIAN BANK LTD.,INE683A01023,SOUTHBANK,SOUTHBANK,2660,Small Cap
474,JINDAL SAW LTD.,INE324A01024,JINDALSAW,JINDALSAW,2655,Small Cap
475,ALLCARGO LOGISTICS LTD.,INE418H01029,ALLCARGO,ALLCARGO,2651,Small Cap
476,GRANULES INDIA LTD.,INE101D01020,GRANULES,GRANULES,2597,Small Cap
477,KIRLOSKAR OIL ENGINES LTD.,INE146L01010,KIRLOSENG,KIRLOSENG,2591,Small Cap
478,Dixon Technologies (India) Lim,INE935N01012,DIXON,DIXON,2590,Small Cap
479,PRAJ INDUSTRIES LTD.,INE074A01025,PRAJIND,PRAJIND,2556,Small Cap
480,SWAN ENERGY LTD.,INE665A01038,SWANENERGY,SWANENERGY,2553,Small Cap
481,REPCO HOME FINANCE LTD.,INE612J01015,REPCOHOME,REPCOHOME,2549,Small Cap
482,GARWARE TECHNICAL FIBRES LIMIT,INE276A01018,GARFIBRES,GARFIBRES,2548,Small Cap
483,TCI Express Limited,INE586V01016,TCIEXP,TCIEXP,2528,Small Cap
484,GUJARAT MINERAL DEVELOPMENT CO,INE131A01031,GMDCLTD,GMDCLTD,2522,Small Cap
485,RUPA & COMPANY LTD.,INE895B01021,RUPA,RUPA,2495,Small Cap
486,NAVNEET EDUCATION LIMITED,INE060A01024,NAVNETEDUL,NAVNETEDUL,2489,Small Cap
487,Amber Enterprises India Limite,INE371P01015,AMBER,AMBER,2488,Small Cap
488,BOMBAY DYEING & MFG.CO.LTD.,INE032A01023,BOMDYEING,BOMDYEING,2473,Small Cap
489,INDIABULLS INTEGRATED SERVICES,INE126M01010,IBULISL,IBULISL,2467,Small Cap
490,ENTERTAINMENT NETWORK (INDIA),INE265F01028,ENIL,ENIL,2463,Small Cap
491,JK PAPER LTD.,INE789E01012,JKPAPER,JKPAPER,2461,Small Cap
492,APAR INDUSTRIES LTD.,INE372A01015,APARINDS,APARINDS,2461,Small Cap
493,VRL Logistics Limited,INE366I01010,VRLLOG,VRLLOG,2446,Small Cap
494,Future Supply Chain Solutions ,INE935Q01015,FSC,FSC,2441,Small Cap
495,KENNAMETAL INDIA LTD.,INE717A01029,KENNAMET,,2428,Small Cap
496,Mishra Dhatu Nigam Limited,INE099Z01011,MIDHANI,MIDHANI,2419,Small Cap
497,GUJARAT AMBUJA EXPORTS LTD.,INE036B01022,GAEL,GAEL,2411,Small Cap
498,KSB LIMITED,INE999A01015,KSB,KSB,2408,Small Cap
499,RESPONSIVE INDUSTRIES LTD.,INE688D01026,RESPONIND,RESPONIND,2406,Small Cap
500,GHCL LTD.,INE539A01019,GHCL,GHCL,2375,Small Cap
501,CENTRAL DEPOSITORY SERVICES (INDIA) LTD.,INE736A01011,,CDSL,2366,Small Cap
502,Mishtann Foods Limited,INE094S01041,MISHTANN ,,2362,Small Cap
503,CG Power and Industrial Soluti,INE067A01029,CGPOWER,CGPOWER,2358,Small Cap
504,VESUVIUS INDIA LTD.,INE386A01015,VESUVIUS,VESUVIUS,2352,Small Cap
505,INDIA TOURISM DEVELOPMENT CORP,INE353K01014,ITDC,ITDC,2350,Small Cap
506,SCHNEIDER ELECTRIC INFRASTRUCT,INE839M01018,SCHNEIDER,SCHNEIDER,2329,Small Cap
507,DEN NETWORKS LTD,INE947J01015,DEN,DEN,2312,Small Cap
508,SHRIRAM PISTONS & RINGS LTD.,INE526E01018,,SHRIPISTON,2288,Small Cap
509,SUDARSHAN CHEMICAL INDUSTRIES,INE659A01023,SUDARSCHEM,SUDARSCHEM,2285,Small Cap
510,LA OPALA RG LTD.,INE059D01020,LAOPALA,LAOPALA,2274,Small Cap
511,JAMNA AUTO INDUSTRIES LTD.,INE039C01032,JAMNAAUTO,JAMNAAUTO,2266,Small Cap
512,COX & KINGS LIMITED,INE008I01026,COX&KINGS,COX&KINGS,2266,Small Cap
513,JET AIRWAYS (INDIA) LTD.,INE802G01018,JETAIRWAYS,JETAIRWAYS,2266,Small Cap
514,NOCIL LTD.,INE163A01018,NOCIL,NOCIL,2256,Small Cap
515,TRANSPORT CORPORATION OF INDIA,INE688A01022,TCI,TCI,2242,Small Cap
516,VAIBHAV GLOBAL LTD,INE884A01019,VAIBHAVGBL,VAIBHAVGBL,2236,Small Cap
517,S H Kelkar and Company Limited,INE500L01026,SHK,SHK,2232,Small Cap
518,HERITAGE FOODS LIMITED,INE978A01027,HERITGFOOD,HERITGFOOD,2227,Small Cap
519,PTC INDIA LTD.,INE877F01012,PTC,PTC,2227,Small Cap
520,Prataap Snacks Limited,INE393P01035,DIAMONDYD,DIAMONDYD,2167,Small Cap
521,TASTY BITE EATABLES LTD.,INE488B01017,TASTYBIT,TASTYBITE,2158,Small Cap
522,Newgen Software Technologies L,INE619B01017,NEWGEN,NEWGEN,2158,Small Cap
523,JTEKT India Ltd,INE643A01035,JTEKTINDIA,JTEKTINDIA,2155,Small Cap
524,SURABHI CHEMICALS & INVESTMENT,INE401F01037,SURCHIN,,2150,Small Cap
525,ARVIND LTD.,INE034A01011,ARVIND,ARVIND,2146,Small Cap
526,TIME TECHNOPLAST LTD.,INE508G01029,TIMETECHNO,TIMETECHNO,2139,Small Cap
527,GOODYEAR INDIA LTD.,INE533A01012,GOODYEAR,,2124,Small Cap
528,AHLUWALIA CONTRACTS (INDIA) LT,INE758C01029,AHLUCONT,AHLUCONT,2113,Small Cap
529,CITURGIA BIOCHEMICALS LTD.,INE795B01031,CITURGIA,,2089,Small Cap
530,BALMER LAWRIE & CO.LTD.,INE164A01016,BALMLAWRIE,BALMLAWRIE,2087,Small Cap
531,LAKSHMI VILAS BANK LTD.,INE694C01018,LAKSHVILAS,LAKSHVILAS,2081,Small Cap
532,WHEELS INDIA LTD.,INE715A01015,WHEELS,WHEELS,2066,Small Cap
533,IFCI LTD.,INE039A01010,IFCI,IFCI,2042,Small Cap
534,TAKE SOLUTIONS LTD.,INE142I01023,TAKE,TAKE,2039,Small Cap
535,Greenlam Industries Ltd,INE544R01013,GRNLAMIND,GREENLAM,2037,Small Cap
536,JK TYRE & INDUSTRIES LTD.,INE573A01042,JKTYRE,JKTYRE,2035,Small Cap
537,FORCE MOTORS LTD.,INE451A01017,FORCEMOT,,2032,Small Cap
538,HIKAL LTD.,INE475B01022,HIKAL,HIKAL,2024,Small Cap
539,GABRIEL INDIA LTD.,INE524A01029,GABRIEL,GABRIEL,2022,Small Cap
540,SHREE RENUKA SUGARS LTD.,INE087H01022,RENUKA,RENUKA,2020,Small Cap
541,SUPREME PETROCHEM LTD.,INE663A01017,SUPPETRO,SUPPETRO,2013,Small Cap
542,ITD CEMENTATION INDIA LTD.,INE686A01026,ITDCEM,ITDCEM,2007,Small Cap
543,Parag Milk Foods Limited,INE883N01014,PARAGMILK,PARAGMILK,2003,Small Cap
544,Jindal Stainless (Hisar) Limit,INE455T01018,JSLHISAR,JSLHISAR,1998,Small Cap
545,HINDUSTAN CONSTRUCTION CO.LTD.,INE549A01026,HCC,HCC,1986,Small Cap
546,MAHINDRA LIFESPACE DEVELOPERS,INE813A01018,MAHLIFE,MAHLIFE,1976,Small Cap
547,Advanced Enzyme Technologies L,INE837H01020,ADVENZYMES,ADVENZYMES,1973,Small Cap
548,NILKAMAL LTD.,INE310A01015,NILKAMAL,NILKAMAL,1954,Small Cap
549,EMRALD COMMERCIAL LIMITED,INE162D01014,,,1948,Small Cap
550,Max India Ltd.,INE153U01017,MAXINDIA,MAXINDIA,1939,Small Cap
551,DHANUKA AGRITECH LTD.,INE435G01025,DHANUKA,DHANUKA,1933,Small Cap
552,JAI CORP LTD.,INE070D01027,JAICORPLTD,JAICORPLTD,1927,Small Cap
553,HIMATSINGKA SEIDE LTD.,INE049A01027,HIMATSEIDE,HIMATSEIDE,1927,Small Cap
554,BOROSIL GLASS WORKS LTD.,INE666D01022,BOROSIL,BOROSIL,1917,Small Cap
555,INGERSOLL-RAND (INDIA) LTD.,INE177A01018,INGERRAND,INGERRAND,1880,Small Cap
556,TV TODAY NETWORK LTD.,INE038F01029,TVTODAY,TVTODAY,1878,Small Cap
557,JMC PROJECTS (INDIA) LTD.,INE890A01024,JMCPROJECT,JMCPROJECT,1852,Small Cap
558,ORIENT CEMENT LTD,INE876N01018,ORIENTCEM,ORIENTCEM,1852,Small Cap
559,BANNARI AMMAN SUGARS LTD.,INE459A01010,BANARISUG,BANARISUG,1845,Small Cap
560,NAVA BHARAT VENTURES LTD.,INE725A01022,NBVENTURES*,NBVENTURES,1843,Small Cap
561,GREENPLY INDUSTRIES LTD.,INE461C01038,GREENPLY,GREENPLY,1840,Small Cap
562,KOLTE-PATIL DEVELOPERS LTD.,INE094I01018,KOLTEPATIL,KOLTEPATIL,1831,Small Cap
563,POLY MEDICURE LTD.,INE205C01021,POLYMED,POLYMED,1819,Small Cap
564,Future Enterprises Limited,INE623B01027,FEL,FEL,1817,Small Cap
565,NIRLON LTD.,INE910A01012,NIRLON,,1806,Small Cap
566,NRB BEARINGS LTD.,INE349A01021,NRBBEARING,NRBBEARING,1804,Small Cap
567,BHARAT RASAYAN LTD.,INE838B01013,BHARATRAS,BHARATRAS,1801,Small Cap
568,PRIME FOCUS LTD.,INE367G01038,PFOCUS,PFOCUS,1790,Small Cap
569,TIDE WATER OIL (INDIA) LTD.,INE484C01022,TIDEWATER,TIDEWATER,1779,Small Cap
570,RAMCO INDUSTRIES LTD.,INE614A01028,RAMCOIND,RAMCOIND,1774,Small Cap
571,ELANTAS BECK INDIA LTD.,INE280B01018,ELANTAS,,1773,Small Cap
572,Puravankara Limited,INE323I01011,PURVA,PURVA,1769,Small Cap
573,AUTOMOTIVE AXLES LTD.,INE449A01011,AUTOAXLES,AUTOAXLES,1767,Small Cap
574,HSIL LTD.,INE415A01038,HSIL,HSIL,1757,Small Cap
575,INTERNATIONAL PAPER APPM LIMIT,INE435A01028,IPAPPM,IPAPPM,1756,Small Cap
576,GMM PFAUDLER LTD.,INE541A01023,GMM,GMMPFAUDLR,1755,Small Cap
577,SEQUENT SCIENTIFIC LTD.,INE807F01027,SEQUENT,SEQUENT,1750,Small Cap
578,NATIONAL FERTILIZERS LTD.,INE870D01012,NFL,NFL,1743,Small Cap
579,VINDHYA TELELINKS LTD.,INE707A01012,VINDHYATEL,VINDHYATEL,1742,Small Cap
580,Pilani Investment And Industri,INE417C01014,PILANIINVS,PILANIINVS,1741,Small Cap
581,INDOCO REMEDIES LTD.,INE873D01024,INDOCO,INDOCO,1725,Small Cap
582,Fairchem Speciality Limited,INE959A01019,FAIRCHEM,FAIRCHEM,1725,Small Cap
583,UFLEX LTD.,INE516A01017,UFLEX,UFLEX,1715,Small Cap
584,NOVARTIS INDIA LTD.,INE234A01025,NOVARTIND,,1709,Small Cap
585,OLECTRA GREENTECH LIMITED,INE260D01016,OLECTRA,OLECTRA,1708,Small Cap
586,West Coast Paper Mills Limited,INE976A01021,WSTCSTPAPR,WSTCSTPAPR,1708,Small Cap
587,HealthCare Global Enterprises ,INE075I01017,HCG,HCG,1704,Small Cap
588,SWARAJ ENGINES LTD.,INE277A01016,SWARAJENG,SWARAJENG,1703,Small Cap
589,BLISS GVS PHARMA LTD.,INE416D01022,BLISSGVS,BLISSGVS,1699,Small Cap
590,SHIPPING CORPORATION OF INDIA,INE109A01011,SCI,SCI,1695,Small Cap
591,JINDAL STAINLESS LTD.,INE220G01021,JSL,JSL,1692,Small Cap
592,TVS SRICHAKRA LTD.,INE421C01016,TVSSRICHAK,TVSSRICHAK,1681,Small Cap
593,SIYARAM SILK MILLS LTD.,INE076B01028,SIYSIL,SIYSIL,1677,Small Cap
594,WELSPUN ENTERPRISES LIMTED,INE625G01013,WELENT,WELENT,1674,Small Cap
595,TATA COFFEE LTD.,INE493A01027,TATACOFFEE,TATACOFFEE,1669,Small Cap
596,Sandhar Technologies Limited,INE278H01035,SANDHAR,SANDHAR,1662,Small Cap
597,RANE HOLDINGS LTD.,INE384A01010,RANEHOLDIN,RANEHOLDIN,1657,Small Cap
598,SUBROS LTD.,INE287B01021,SUBROS,SUBROS,1657,Small Cap
599,WONDERLA HOLIDAYS LTD,INE066O01014,WONDERLA,WONDERLA,1651,Small Cap
600,POLYPLEX CORPORATION LTD.,INE633B01018,POLYPLEX,POLYPLEX,1650,Small Cap
601,VA TECH WABAG LTD.,INE956G01038,WABAG,WABAG,1644,Small Cap
602,ALKYL AMINES CHEMICALS LTD.,INE150B01021,ALKYLAMINE,ALKYLAMINE,1630,Small Cap
603,SOMANY CERAMICS LTD.,INE355A01028,SOMANYCERA,SOMANYCERA,1628,Small Cap
604,PSP Projects Limited,INE488V01015,PSPPROJECT,PSPPROJECT,1627,Small Cap
605,NATIONAL PEROXIDE LTD.,INE585A01020,NATPEROX,,1625,Small Cap
606,Tejas Networks Limited,INE010J01012,TEJASNET,TEJASNET,1619,Small Cap
607,Music Broadcast Limited,INE919I01024,RADIOCITY,RADIOCITY,1613,Small Cap
608,PUNJAB & SIND BANK,INE608A01012,PSB,PSB,1606,Small Cap
609,HUHTAMAKI PPL LIMITED,INE275B01026,PAPERPROD,PAPERPROD,1606,Small Cap
610,RAMKRISHNA FORGINGS LTD.,INE399G01015,RKFORGE,RKFORGE,1603,Small Cap
611,SAFARI INDUSTRIES (INDIA) LTD.,INE429E01023,SAFARIND,,1601,Small Cap
612,Capacit'e Infraprojects Limite,INE264T01014,CAPACITE,CAPACITE,1596,Small Cap
613,SAVITA OIL TECHNOLOGIES LTD.,INE035D01012,SOTL,SOTL,1596,Small Cap
614,NIIT LTD.,INE161A01038,NIITLTD,NIITLTD,1590,Small Cap
615,H.G. Infra Engineering Limited,INE926X01010,HGINFRA,HGINFRA,1588,Small Cap
616,HINDUSTAN OIL EXPLORATION CO.L,INE345A01011,HINDOILEXP,HINDOILEXP,1587,Small Cap
617,HAWKINS COOKERS LTD.,INE979B01015,HAWKINCOOK,,1563,Small Cap
618,TATA METALIKS LTD.,INE056C01010,TATAMETALI,TATAMETALI,1562,Small Cap
619,Dollar Industries Limited,INE325C01035,DOLLAR,DOLLAR,1558,Small Cap
620,MAYUR UNIQUOTERS LTD.,INE040D01038,MAYURUNIQ,MAYURUNIQ,1543,Small Cap
621,MEGHMANI ORGANICS LTD.,INE974H01013,MEGH,MEGH,1534,Small Cap
622,KEWAL KIRAN CLOTHING LTD.,INE401H01017,KKCL,KKCL,1530,Small Cap
623,SANGHI INDUSTRIES LTD.,INE999B01013,SANGHIIND,SANGHIIND,1521,Small Cap
624,TRIVENI ENGINEERING & INDUSTRI,INE256C01024,TRIVENI,TRIVENI,1518,Small Cap
625,KIRI INDUSTRIES LTD.,INE415I01015,KIRIINDUS,KIRIINDUS,1512,Small Cap
626,Inox Wind Limited,INE066P01011,INOXWIND,INOXWIND,1511,Small Cap
627,LUMAX INDUSTRIES LTD.,INE162B01018,LUMAXIND,LUMAXIND,1500,Small Cap
628,TINPLATE COMPANY OF INDIA LTD.,INE422C01014,TINPLATE,TINPLATE,1484,Small Cap
629,RELIANCE COMMUNICATIONS LTD.,INE330H01018,RCOM,RCOM,1479,Small Cap
630,SATIN CREDITCARE NETWORK LIMIT,INE836B01017,SATIN,SATIN,1463,Small Cap
631,MAITHAN ALLOYS LTD.,INE683C01011,MAITHANALL,MAITHANALL,1460,Small Cap
632,ESAB INDIA LTD.,INE284A01012,ESABINDIA,ESABINDIA,1449,Small Cap
633,EXCEL INDUSTRIES LTD.,INE369A01029,EXCELINDUS,EXCELINDUS,1444,Small Cap
634,Shalby Limited,INE597J01018,SHALBY,SHALBY,1432,Small Cap
635,TEXMACO RAIL & ENGINEERING LTD,INE621L01012,TEXRAIL,TEXRAIL,1421,Small Cap
636,INDIAN HUME PIPE CO.LTD.,INE323C01030,INDIANHUME,INDIANHUME,1420,Small Cap
637,JINDAL WORLDWIDE LTD.,INE247D01039,JINDWORLD,JINDWORLD,1420,Small Cap
638,Quick Heal Technologies Limite,INE306L01010,QUICKHEAL,QUICKHEAL,1414,Small Cap
639,TAMIL NADU NEWSPRINT & PAPERS,INE107A01015,TNPL,TNPL,1413,Small Cap
640,AARTI DRUGS LTD.,INE767A01016,AARTIDRUGS,AARTIDRUGS,1408,Small Cap
641,BALAJI AMINES LTD.,INE050E01027,BALAMINES,BALAMINES,1404,Small Cap
642,GOCL Corporation Limited,INE077F01035,GOCLCORP,GOCLCORP,1400,Small Cap
643,MAJESCO LIMITED,INE898S01029,MJCO,MAJESCO,1399,Small Cap
644,AGRO TECH FOODS LTD.,INE209A01019,ATFL,ATFL,1374,Small Cap
645,ACCELYA SOLUTIONS INDIA LIMITE,INE793A01012,ACCELYA,ACCELYA,1372,Small Cap
646,BODAL CHEMICALS LTD.,INE338D01028,BODALCHEM,BODALCHEM,1365,Small Cap
647,DHAMPUR SUGAR MILLS LTD.,INE041A01016,DHAMPURSUG,DHAMPURSUG,1363,Small Cap
648,Power Mech Projects Limited,INE211R01019,POWERMECH,POWERMECH,1361,Small Cap
649,HIL LTD.,INE557A01011,HIL,HIL,1361,Small Cap
650,BENGAL & ASSAM COMPANY LTD.,INE083K01017,BENGALASM,,1361,Small Cap
651,SREI INFRASTRUCTURE FINANCE LT,INE872A01014,SREINFRA,SREINFRA,1359,Small Cap
652,MUTHOOT CAPITAL SERVICES LTD.,INE296G01013,MUTHTFN,MUTHOOTCAP,1357,Small Cap
653,GATEWAY DISTRIPARKS LTD.,INE852F01015,GDL,GDL,1357,Small Cap
654,GIC HOUSING FINANCE LTD.,INE289B01019,GICHSGFIN,GICHSGFIN,1349,Small Cap
655,UNICHEM LABORATORIES LTD.,INE351A01035,UNICHEMLAB,UNICHEMLAB,1347,Small Cap
656,JAIPRAKASH ASSOCIATES LTD.,INE455F01025,JPASSOCIAT,JPASSOCIAT,1344,Small Cap
657,VISHAL FABRICS LTD,INE755Q01025,VISHAL,,1342,Small Cap
658,PAISALO DIGITAL LIMITED,INE420C01042,PAISALO,PAISALO,1334,Small Cap
659,PRAKASH INDUSTRIES LTD.,INE603A01013,PRAKASH,PRAKASH,1331,Small Cap
660,SUNDARAM FINANCE HOLDINGS LTD.,INE202Z01029,,SUNDARMHLD,1329,Small Cap
661,STEEL STRIPS WHEELS LTD.,INE802C01017,SSWL,SSWL,1320,Small Cap
662,CENTRUM CAPITAL LTD.,INE660C01027,CENTRUM,CENTRUM,1320,Small Cap
663,HINDUJA GLOBAL SOLUTIONS LTD.,INE170I01016,HGS,HGS,1318,Small Cap
664,CESC Ventures Limited,INE425Y01011,CESCVENTURE,CESCVENT,1317,Small Cap
665,INSECTICIDES (INDIA) LTD.,INE070I01018,INSECTICID,INSECTICID,1313,Small Cap
666,MONNET ISPAT & ENERGY LTD.,INE743C01021,MONNETISPA,AIONJSW,1305,Small Cap
667,M.M.FORGINGS LTD.,INE227C01017,MMFL,MMFL,1299,Small Cap
668,Reliance Home Finance Limited,INE217K01011,RELHOME,RHFL,1298,Small Cap
669,JAIPRAKASH POWER VENTURES LIMI,INE351F01018,JPPOWER,JPPOWER,1298,Small Cap
670,KIRLOSKAR BROTHERS LTD.,INE732A01036,KIRLOSBROS,KIRLOSBROS,1296,Small Cap
671,FERTILIZERS & CHEMICALS TRAVAN,INE188A01015,FACT,FACT,1294,Small Cap
672,SAGAR CEMENTS LTD.,INE229C01013,SAGCEM,SAGCEM,1292,Small Cap
673,SURYA ROSHNI LTD.,INE335A01012,SURYAROSNI,SURYAROSNI,1290,Small Cap
674,Gromo Trade & Consultancy Ltd.,INE286N01010,GROMOTRADE,,1284,Small Cap
675,TECHNOCRAFT INDUSTRIES (INDIA),INE545H01011,TIIL,TIIL,1279,Small Cap
676,LS INDUSTRIES LTD.,INE345D01031,LSIND,,1273,Small Cap
677,Matrimony.com Limited,INE866R01028,MATRIMONY,MATRIMONY,1250,Small Cap
678,HESTER BIOSCIENCES LTD.,INE782E01017,HESTERBIO,HESTERBIO,1243,Small Cap
679,KIRLOSKAR FERROUS INDUSTRIES L,INE884B01025,KIRLFER,,1236,Small Cap
680,TAJGVK HOTELS & RESORTS LTD.,INE586B01026,TAJGVK,TAJGVK,1231,Small Cap
681,SESHASAYEE PAPER & BOARDS LTD.,INE630A01016,SESHAPAPER,SESHAPAPER,1213,Small Cap
682,BHANSALI ENGINEERING POLYMERS,INE922A01025,BEPL,BEPL,1211,Small Cap
683,L.G.BALAKRISHNAN & BROS.LTD.,INE337A01034,LGBBROSLTD,LGBBROSLTD,1208,Small Cap
684,KELVIN FINCAP LTD,INE232N01022,KELVINFIN,,1200,Small Cap
685,TATA SPONGE IRON LTD.,INE674A01014,TATASPONGE,TATASPONGE,1194,Small Cap
686,ASHIANA HOUSING LTD.,INE365D01021,ASHIANA,ASHIANA,1188,Small Cap
687,BLS International Services Ltd,INE153T01027,BLS,BLS,1188,Small Cap
688,V.S.T.TILLERS TRACTORS LTD.,INE764D01017,VSTTILLERS,VSTTILLERS,1186,Small Cap
689,DPSC LTD.,INE360C01024,,DPSCLTD,1186,Small Cap
690,KIRLOSKAR PNEUMATIC CO.LTD.,INE811A01020,KIRLPNU,,1179,Small Cap
691,Sasken Technologies Limited,INE231F01020,SASKEN,SASKEN,1171,Small Cap
692,DEEPAK FERTILISERS & PETROCHEM,INE501A01019,DEEPAKFERT,DEEPAKFERT,1166,Small Cap
693,ORIENTAL CARBON & CHEMICALS LT,INE321D01016,ORIENTCQ,OCCL,1162,Small Cap
694,EVEREADY INDUSTRIES INDIA LTD.,INE128A01029,EVEREADY,EVEREADY,1160,Small Cap
695,Garden Reach Shipbuilders & En,INE382Z01011,GRSE,GRSE,1156,Small Cap
696,IGARASHI MOTORS INDIA LTD.,INE188B01013,IGARASHI,IGARASHI,1152,Small Cap
697,ASIAN STAR CO.LTD.,INE194D01017,ASTAR,,1148,Small Cap
698,DFM FOODS LTD.,INE456C01020,DFM,DFMFOODS,1148,Small Cap
699,SEYA INDUSTRIES LTD.,INE573R01012,SEYAIND,,1147,Small Cap
700,Sintex Plastics Technology Ltd,INE501W01021,SINTEXPLAST,SPTL,1140,Small Cap
701,GTL INFRASTRUCTURE LTD.,INE221H01019,GTLINFRA,GTLINFRA,1135,Small Cap
702,ACE EDUTREND LTD.,INE731H01025,ACE*,ACE,1129,Small Cap
703,GRAUER & WEIL (INDIA) LTD.,INE266D01021,GRAUWEIL,,1127,Small Cap
704,K.C.P.LTD.,INE805C01028,KCP,KCP,1124,Small Cap
705,HMT LTD.,INE262A01018,HMT,HMT,1121,Small Cap
706,DREDGING CORPORATION OF INDIA,INE506A01018,DREDGECORP,DREDGECORP,1114,Small Cap
707,EIH ASSOCIATED HOTELS LTD.,INE276C01014,EIHAHOTELS,EIHAHOTELS,1110,Small Cap
708,GUJARAT INDUSTRIES POWER CO.LT,INE162A01010,GIPCL,GIPCL,1106,Small Cap
709,VOLTAMP TRANSFORMERS LTD.,INE540H01012,VOLTAMP,VOLTAMP,1105,Small Cap
710,BANCO PRODUCTS (INDIA) LTD.,INE213C01025,BANCOINDIA,BANCOINDIA,1102,Small Cap
711,LT FOODS LTD.,INE818H01020,DAAWAT,DAAWAT,1101,Small Cap
712,Spencer's Retail Limited,INE020801028,SPENCER,SPENCERS,1101,Small Cap
713,GVK POWER & INFRASTRUCTURE LTD,INE251H01024,GVKPIL,GVKPIL,1095,Small Cap
714,IOL CHEMICALS & PHARMACEUTICAL,INE485C01011,IOLCP,IOLCP,1093,Small Cap
715,ALEMBIC LTD.,INE426A01027,ALEMBICLTD,ALEMBICLTD,1088,Small Cap
716,CAPITAL INDIA FINANCE LIMITED,INE345H01016,CIFL,,1086,Small Cap
717,PANACEA BIOTEC LTD.,INE922B01023,PANACEABIO,PANACEABIO,1081,Small Cap
718,Shankara Building Products Lim,INE274V01019,SHANKARA,SHANKARA,1071,Small Cap
719,HONDA SIEL POWER PRODUCTS LTD.,INE634A01018,HONDAPOWER,HONDAPOWER,1071,Small Cap
720,HOUSING DEVELOPMENT & INFRASTR,INE191I01012,HDIL,HDIL,1070,Small Cap
721,JINDAL POLY FILMS LTD.,INE197D01010,JINDALPOLY,JINDALPOLY,1069,Small Cap
722,J.KUMAR INFRAPROJECTS LTD.,INE576I01022,JKIL,JKIL,1066,Small Cap
723,JBM AUTO LTD.,INE927D01028,JBMA,JBMA,1066,Small Cap
724,CONFIDENCE PETROLEUM INDIA LTD,INE552D01024,CONFIPET,CONFIPET,1060,Small Cap
725,APCOTEX INDUSTRIES LTD.,INE116A01024,APCOTEXIND,APCOTEXIND,1059,Small Cap
726,MASTEK LTD.,INE759A01021,MASTEK,MASTEK,1056,Small Cap
727,DOLAT INVESTMENTS LTD.,INE966A01022,DOLAT,,1051,Small Cap
728,FILATEX INDIA LTD.,INE816B01027,FILATEX,FILATEX,1047,Small Cap
729,SHEMAROO ENTERTAINMENT LIMITED,INE363M01019,SHEMAROO,SHEMAROO,1041,Small Cap
730,SML ISUZU LIMITED,INE294B01019,SMLISUZU,SMLISUZU,1037,Small Cap
731,PREMIER CAPITAL SERVICES LTD.,INE946K01023,PREMCAP,,1035,Small Cap
732,PTC INDIA FINANCIAL SERVICES L,INE560K01014,PFS,PFS,1027,Small Cap
733,NUCLEUS SOFTWARE EXPORTS LTD.,INE096B01018,NUCLEUS,NUCLEUS,1025,Small Cap
734,USHA MARTIN LTD.,INE228A01035,USHAMART,USHAMART,1010,Small Cap
735,G.M.BREWERIES LTD.,INE075D01018,GMBREW,GMBREW,1010,Small Cap
736,SOLARA ACTIVE PHARMA SCIENCES ,INE624Z01016,SOLARA,SOLARA,1000,Small Cap
737,STERLING TOOLS LTD.,INE334A01023,STERTOOLS,STERTOOLS,999,Small Cap
738,MARKSANS PHARMA LTD.,INE750C01026,MARKSANS,MARKSANS,997,Small Cap
739,SAREGAMA INDIA LTD.,INE979A01017,SAREGAMA,SAREGAMA,994,Small Cap
740,SHANTHI GEARS LTD.,INE631A01022,SHANTIGEAR,SHANTIGEAR,993,Small Cap
741,KESORAM INDUSTRIES LTD.,INE087A01019,KESORAMIND,KESORAMIND,993,Small Cap
742,Manpasand Beverages Limited,INE122R01018,MANPASAND,MANPASAND,986,Small Cap
743,TOURISM FINANCE CORPORATION OF,INE305A01015,TFCILTD,TFCILTD,984,Small Cap
744,SEAMEC LTD.,INE497B01018,SEAMECLTD,SEAMECLTD,984,Small Cap
745,Apex Frozen Foods Limited,INE346W01013,APEX ,APEX,970,Small Cap
746,ASTEC LIFESCIENCES LIMITED,INE563J01010,ASTEC,ASTEC,968,Small Cap
747,SARDA ENERGY & MINERALS LTD.,INE385C01013,SARDAEN,SARDAEN,967,Small Cap
748,INEOS Styrolution India Limite,INE189B01011,INEOSSTYRO,INEOSSTYRO,964,Small Cap
749,TTK HEALTHCARE LTD.,INE910C01018,TTKHEALTH,TTKHLTCARE,959,Small Cap
750,GALLANTT ISPAT LTD.,INE528K01029, GALLISPAT,GALLISPAT,956,Small Cap
751,ANANT RAJ LIMITED,INE242C01024,ANANTRAJ,ANANTRAJ,950,Small Cap
752,BAJAJ HINDUSTHAN SUGAR LIMITED,INE306A01021,BAJAJHIND,BAJAJHIND,950,Small Cap
753,INDIA NIPPON ELECTRICALS LTD.,INE092B01025,INDNIPPON,INDNIPPON,945,Small Cap
754,HIND ISPAT LIMITED,INE951E01018,,,942,Small Cap
755,LUMAX AUTO TECHNOLOGIES LTD.,INE872H01027,LUMAXTECH,LUMAXTECH,941,Small Cap
756,CIGNITI TECHNOLOGIES LTD.,INE675C01017,CIGNITI,CIGNITITEC,937,Small Cap
757,KOKUYO CAMLIN LTD.,INE760A01029,KOKUYOCMLN,KOKUYOCMLN,931,Small Cap
758,Valiant Organics Limited,INE565V01010,VALIANTORG,,928,Small Cap
759,DYNAMATIC TECHNOLOGIES LTD.,INE221B01012,DYNAMATECH,DYNAMATECH,919,Small Cap
760,ANDHRA SUGARS LTD.,INE715B01013,ANDHRSUGAR,ANDHRSUGAR,918,Small Cap
761,Geojit Financial Services Limi,INE007B01023,GEOJITFSL,GEOJITFSL,916,Small Cap
762,I G PETROCHEMICALS LTD.,INE204A01010,IGPL,IGPL,916,Small Cap
763,ZEE LEARN LTD.,INE565L01011,ZEELEARN,ZEELEARN,915,Small Cap
764,SIMPLEX INFRASTRUCTURES LTD.,INE059B01024,SIMPLEXINF,SIMPLEXINF,913,Small Cap
765,KALYANI STEELS LTD.,INE907A01026,KSL,KSL,908,Small Cap
766,Srikalahasthi Pipes Limited,INE943C01027,SRIPIPES,SRIPIPES,907,Small Cap
767,AMRUTANJAN HEALTH CARE LTD.,INE098F01031,AMRUTANJAN,AMRUTANJAN,907,Small Cap
768,HT MEDIA LTD.,INE501G01024,HTMEDIA,HTMEDIA,901,Small Cap
769,ANDREW YULE & COMPANY LTD.,INE449C01025,ANDREWYU,,900,Small Cap
770,OPTIEMUS INFRACOM LTD,INE350C01017,OPTIEMUS,OPTIEMUS,891,Small Cap
771,HBL POWER SYSTEMS LTD.,INE292B01021,HBLPOWER,HBLPOWER,890,Small Cap
772,BF INVESTMENT LTD.,INE878K01010,BFINVEST,BFINVEST,886,Small Cap
773,BALMER LAWRIE INVESTMENTS LTD.,INE525F01017,BLIL,,883,Small Cap
774,THIRUMALAI CHEMICALS LTD.,INE338A01024,TIRUMALCHM,TIRUMALCHM,883,Small Cap
775,FOSECO INDIA LTD.,INE519A01011,FOSECOIND,FOSECOIND,880,Small Cap
776,DALMIA BHARAT SUGAR AND INDUST,INE495A01022,DALMIASUG,DALMIASUG,879,Small Cap
777,SORIL Infra Resources Limited,INE034H01016,SORILINFRA,SORILINFRA,876,Small Cap
778,Kaya Limited,INE587G01015,KAYA,KAYA,873,Small Cap
779,RICO AUTO INDUSTRIES LTD.,INE209B01025,RICOAUTO,RICOAUTO,871,Small Cap
780,MPS LTD.,INE943D01017,MPSLTD,MPSLTD,867,Small Cap
781,EXDON TRADING CO.LTD.,INE204I01013,ZEXDONTR,,866,Small Cap
782,INDO COUNT INDUSTRIES LTD.,INE483B01026,ICIL,ICIL,865,Small Cap
783,V2 RETAIL LTD.,INE945H01013,V2RETAIL,V2RETAIL,865,Small Cap
784,MAN INFRACONSTRUCTION LTD.,INE949H01023, MANINFRA,MANINFRA,865,Small Cap
785,SHRIRAM EPC LTD.,INE964H01014,SHRIRAMEPC,SHRIRAMEPC,862,Small Cap
786,EMAMI PAPER MILLS LTD.,INE830C01026,EMAMIPAP,EMAMIPAP,861,Small Cap
787,DISA INDIA LTD.,INE131C01011,DISAQ,,854,Small Cap
788,GATI LTD.,INE152B01027,GATI,GATI,847,Small Cap
789,PUNJAB CHEMICALS AND CROP PROT,INE277B01014,PUNJABCHEM,PUNJABCHEM,841,Small Cap
790,MOREPEN LABORATORIES LTD.,INE083A01026,MOREPENLAB,MOREPENLAB,841,Small Cap
791,SHARDA MOTOR INDUSTRIES LTD,INE597I01010,SHARDA,SHARDAMOTR,840,Small Cap
792,ELPRO INTERNATIONAL LTD.,INE579B01039,ELPROINTL,,836,Small Cap
793,GODAWARI POWER & ISPAT LTD.,INE177H01013,GPIL,GPIL,835,Small Cap
794,INDIA GLYCOLS LTD.,INE560A01015,INDIAGLYCO,INDIAGLYCO,833,Small Cap
795,TRANSPEK INDUSTRY LTD.,INE687A01016,TRANSPEK,,824,Small Cap
796,GTPL Hathway Limited,INE869I01013,GTPL,GTPL,819,Small Cap
797,SUNFLAG IRON & STEEL CO.LTD.,INE947A01014,SUNFLAG,SUNFLAG,818,Small Cap
798,KOVAI MEDICAL CENTER & HOSPITA,INE177F01017,KOVAI,,815,Small Cap
799,Kingfa Science & Technology (I,INE473D01015,KINGFA,KINGFA,815,Small Cap
800,HINDUSTAN MEDIA VENTURES LTD.,INE871K01015,HMVL,HMVL,813,Small Cap
801,RATTANINDIA POWER LTD.,INE399K01017,RTNPOWER,RTNPOWER,813,Small Cap
802,Bharat Road Network Limited,INE727S01012,BRNL,BRNL,808,Small Cap
803,SANDUR MANGANESE & IRON ORES L,INE149K01016,SANDUMA,,806,Small Cap
804,WPIL LTD.,INE765D01014,WPIL,,805,Small Cap
805,IFGL Refractories Limited,INE133Y01011,IFGLEXPOR,IFGLEXPOR,802,Small Cap
806,JAYBHARAT TEXTILES & REAL ESTA,INE091E01039,JAYTEX,,802,Small Cap
807,BALAJI TELEFILMS LTD.,INE794B01026,BALAJITELE,BALAJITELE,802,Small Cap
808,NEULAND LABORATORIES LTD.,INE794A01010,NEULANDLAB,NEULANDLAB,800,Small Cap
809,NATH BIO-GENES (INDIA) LTD,INE448G01010,NATHBIOGEN,NATHBIOGEN,799,Small Cap
810,CLARIANT CHEMICALS (INDIA) LTD,INE492A01029,CLNINDIA,CLNINDIA,799,Small Cap
811,RUSHIL DECOR LTD.,INE573K01017,RUSHIL,RUSHIL,795,Small Cap
812,ELECTROSTEEL CASTINGS LTD.,INE086A01029,ELECTCAST,ELECTCAST,791,Small Cap
813,ATLAS JEWELLERY INDIA LIMITED,INE022N01019,AJIL,,790,Small Cap
814,ZUARI AGRO CHEMICALS LTD.,INE840M01016,ZUARI,ZUARI,790,Small Cap
815,YUKEN INDIA LTD.,INE384C01016,YUKEN,,788,Small Cap
816,ALICON CASTALLOY LIMITED,INE062D01024,ALICON,ALICON,786,Small Cap
817,THE INVESTMENT TRUST OF INDIA ,INE924D01017,THEINVEST,THEINVEST,785,Small Cap
818,MCLEOD RUSSEL INDIA LTD.,INE942G01012,MCLEODRUSS,MCLEODRUSS,782,Small Cap
819,ORIENTAL AROMATICS LIMITED,INE959C01023,OAL,,782,Small Cap
820,KIRLOSKAR INDUSTRIES LTD,INE250A01039,KIRLOSIND,KIRLOSIND,781,Small Cap
821,TITAGARH WAGONS LTD.,INE615H01020,TWL,TWL,780,Small Cap
822,ZEE MEDIA CORPORATION LIMITED,INE966H01019,ZEEMEDIA,ZEEMEDIA,774,Small Cap
823,UNIPLY INDUSTRIES LTD.,INE950G01023,UNIPLY,UNIPLY,774,Small Cap
824,RICOH INDIA LTD.,INE291B01015,RICOHQ,,769,Small Cap
825,DIL LTD.,INE225B01021,DIL,,768,Small Cap
826,SICAL LOGISTICS LTD.,INE075B01012,SICAL,SICAL,761,Small Cap
827,HINDUJA VENTURES LTD.,INE353A01023,HINDUJAVEN,HINDUJAVEN,760,Small Cap
828,ORIENTAL HOTELS LTD.,INE750A01020,ORIENTHOT,ORIENTHOT,760,Small Cap
829,MAHANAGAR TELEPHONE NIGAM LTD.,INE153A01019,MTNL,MTNL,756,Small Cap
830,SHAKTI PUMPS (INDIA) LTD.,INE908D01010,SHAKTIPUMP,SHAKTIPUMP,751,Small Cap
831,Monte Carlo Fashions Limited,INE950M01013,MONTECARLO,MONTECARLO,748,Small Cap
832,UNIVERSAL CABLES LTD.,INE279A01012,UNIVCABLES,UNIVCABLES,748,Small Cap
833,GENUS POWER INFRASTRUCTURES LT,INE955D01029,GENUSPOWER,GENUSPOWER,747,Small Cap
834,MUKAND LTD.,INE304A01026,MUKANDLTD,MUKANDLTD,747,Small Cap
835,ASTRA MICROWAVE PRODUCTS LTD.,INE386C01029,ASTRAMICRO,ASTRAMICRO,745,Small Cap
836,Khadim India Limited,INE834I01025,KHADIM,KHADIM,738,Small Cap
837,KALYANI INVESTMENT COMPANY LTD,INE029L01018,KICL,KICL,735,Small Cap
838,MIRZA INTERNATIONAL LTD.,INE771A01026,MIRZAINT,MIRZAINT,733,Small Cap
839,ORIENT PAPER & INDUSTRIES LTD.,INE592A01026,ORIENTPPR,ORIENTPPR,732,Small Cap
840,STATE TRADING CORPORATION OF I,INE655A01013,STCINDIA,STCINDIA,731,Small Cap
841,Neogen Chemicals Limited,INE136S01016,NEOGEN,NEOGEN,727,Small Cap
842,INDIA MOTOR PARTS & ACCESSORIE,INE547E01014,IMPAL,IMPAL,724,Small Cap
843,BF UTILITIES LTD.,INE243D01012,BFUTILITIE,BFUTILITIE,723,Small Cap
844,MEP Infrastructure Developers ,INE776I01010,MEP,MEP,719,Small Cap
845,ARSHIYA LIMITED,INE968D01022,ARSHIYA,ARSHIYA,715,Small Cap
846,RAMCO SYSTEMS LTD.,INE246B01019,RAMCOSYS,RAMCOSYS,710,Small Cap
847,KUSHAL LIMITED,INE647N01021,KUSHAL,,710,Small Cap
848,TATA STEEL BSL LIMITED,INE824B01021,TATASTLBSL,TATASTLBSL,709,Small Cap
849,PANAMA PETROCHEM LTD.,INE305C01029,PANAMAPET,PANAMAPET,709,Small Cap
850,PINE ANIMATION LIMITED,INE452N01026,PINEANIM,,709,Small Cap
851,HOTEL LEELAVENTURE LTD.,INE102A01024,HOTELEELA,HOTELEELA,708,Small Cap
852,S.P. Apparels Limited,INE212I01016,SPAL,SPAL,708,Small Cap
853,MSTC Limited,INE255X01014,MSTC,MSTCLTD,702,Small Cap
854,TEXMACO INFRASTRUCTURE & HOLDI,INE435C01024,TEXINFRA,TEXINFRA,701,Small Cap
855,HINDUSTHAN NATIONAL GLASS & IN,INE952A01022,HINDNATGLS,HINDNATGLS,694,Small Cap
856,MOLD-TEK PACKAGING LIMITED,INE893J01029,MOLDTKPAC,MOLDTKPAC,693,Small Cap
857,ATUL AUTO LTD.,INE951D01028,ATULAUTO,ATULAUTO,693,Small Cap
858,PORSCHE CAPITAL MARKET LIMITED,INE939Q01017,,,693,Small Cap
859,UNIPHOS ENTERPRISES LTD.,INE037A01022,UNIPHOS,UNIENTER,692,Small Cap
860,EVEREST INDUSTRIES LTD.,INE295A01018,EVERESTIND,EVERESTIND,692,Small Cap
861,PDS MULTINATIONAL FASHIONS LIM,INE111Q01013,PDSMFL,PDSMFL,690,Small Cap
862,Reliance Naval and Engineering,INE542F01012,RNAVAL,RNAVAL,690,Small Cap
863,PAUSHAK LTD.,INE111F01016,PAUSHAKLTD,,682,Small Cap
864,KITEX GARMENTS LTD.,INE602G01020,KITEX,KITEX,681,Small Cap
865,SAKUMA EXPORTS LTD.,INE190H01024,SAKUMA,SAKUMA,676,Small Cap
866,VARDHMAN HOLDINGS LTD.,INE701A01023,VHL,VHL,676,Small Cap
867,ULTRAMARINE & PIGMENTS LTD.,INE405A01021,ULTRAMAR,,676,Small Cap
868,Max Ventures and Industries Li,INE154U01015,MAXVIL,MAXVIL,673,Small Cap
869,SKIPPER LTD,INE439E01022,SKIPPER,SKIPPER,672,Small Cap
870,WIM PLAST LTD.,INE015B01018,WIMPLAST,,672,Small Cap
871,Prabhat Dairy Limited,INE302M01033,PRABHAT,PRABHAT,672,Small Cap
872,Niyogin Fintech Limited,INE480D01010,NIYOGIN,,671,Small Cap
873,REPRO INDIA LTD.,INE461B01014,REPRO,REPRO,667,Small Cap
874,G N A Axles Limited,INE934S01014,GNA,GNA,667,Small Cap
875,RAMKY INFRASTRUCTURE LTD.,INE874I01013,RAMKY,RAMKY,662,Small Cap
876,EROS INTERNATIONAL MEDIA LTD.,INE416L01017,EROSMEDIA,EROSMEDIA,660,Small Cap
877,TATA TELESERVICES (MAHARASHTRA,INE517B01013,TTML,TTML,660,Small Cap
878,APTECH LTD.,INE266F01018,APTECHT,APTECHT,658,Small Cap
879,ELECON ENGINEERING CO.LTD.,INE205B01023,ELECON,ELECON,658,Small Cap
880,UFO Moviez India Limited,INE527H01019,UFO,UFO,655,Small Cap
881,SINDHU TRADE LINKS LIMITED,INE325D01017,SINDHUTRAD,,654,Small Cap
882,MUNJAL SHOWA LTD.,INE577A01027,MUNJALSHOW,MUNJALSHOW,652,Small Cap
883,MANGALAM CEMENT LTD.,INE347A01017,MANGLMCEM,MANGLMCEM,651,Small Cap
884,AMBIKA COTTON MILLS LTD.,INE540G01014,AMBIKCO,AMBIKCO,642,Small Cap
885,SANWARIA CONSUMER LIMITED,INE890C01046,SANWARIA,SANWARIA,640,Small Cap
886,GANESHA ECOSPHERE LTD.,INE845D01014,GANECOS,GANECOS,637,Small Cap
887,GUJARAT BOROSIL LTD.,INE059C01022,GUJBOROS,,631,Small Cap
888,R SYSTEMS INTERNATIONAL LTD.,INE411H01032,RSYSTEMINT,RSYSTEMS,628,Small Cap
889,NELCO LTD.,INE045B01015,NELCO,NELCO,625,Small Cap
890,FIEM INDUSTRIES LTD.,INE737H01014,FIEMIND,FIEMIND,625,Small Cap
891,ORISSA SPONGE IRON & STEEL LTD,INE228D01013,ORISSASP,,625,Small Cap
892,SUTLEJ TEXTILES & INDUSTRIES L,INE645H01027,SUTLEJTEX,SUTLEJTEX,624,Small Cap
893,SATIA INDUSTRIES LIMITED,INE170E01015,SATIA,,620,Small Cap
894,EFFINGO TEXTILE & TRADING LIMI,INE907N01029,EFFTXT,,620,Small Cap
895,INDIAN METALS & FERRO ALLOYS L,INE919H01018,IMFA,IMFA,620,Small Cap
896,VISAKA INDUSTRIES LTD.,INE392A01013,VISAKAIND,VISAKAIND,620,Small Cap
897,GUFIC BIOSCIENCES LTD.,INE742B01025,GUFICBIO,GUFICBIO,619,Small Cap
898,SHAILY ENGINEERING PLASTICS LT,INE151G01010,SHAILY,,617,Small Cap
899,ENKEI WHEELS (INDIA) LTD.,INE130L01014,ENKEIWHEL,,614,Small Cap
900,AJMERA REALTY & INFRA INDIA LT,INE298G01027,AJMERA,AJMERA,612,Small Cap
901,ION EXCHANGE (INDIA) LTD.,INE570A01014,IONEXCHANG,,611,Small Cap
902,ASIAN GRANITO INDIA LTD.,INE022I01019,ASIANTILES,ASIANTILES,609,Small Cap
903,NCL INDUSTRIES LTD.,INE732C01016,NCLIND,NCLIND,609,Small Cap
904,BHARAT BIJLEE LTD.,INE464A01028,BBL,BBL,608,Small Cap
905,Beekay Steel Industries Ltd.,INE213D01015,BEEKAY,,603,Small Cap
906,WATERBASE LTD.,INE054C01015,WATERBASE,,602,Small Cap
907,HINDUSTAN PHOTO FILMS MFG.CO.L,NA          ,HINPHOT,,602,Small Cap
908,HCL INFOSYSTEMS LTD.,INE236A01020,HCL-INSYS,HCL-INSYS,598,Small Cap
909,SUMMIT SECURITIES LTD.,INE519C01017,SUMMITSEC,SUMMITSEC,595,Small Cap
910,NELCAST LTD.,INE189I01024,NELCAST,NELCAST,594,Small Cap
911,DATAMATICS GLOBAL SERVICES LTD,INE365B01017,DATAMATICS,DATAMATICS,593,Small Cap
912,JAYANT AGRO-ORGANICS LTD.,INE785A01026,JAYAGROGN,JAYAGROGN,592,Small Cap
913,Z.F.STEERING GEAR (INDIA) LTD.,INE116C01012,ZFSTEERING,,592,Small Cap
914,Camlin Fine Sciences Ltd,INE052I01032,CAMLINFINE,CAMLINFINE,592,Small Cap
915,Navkar Corporation Limited,INE278M01019,NAVKARCORP,NAVKARCORP,589,Small Cap
916,S Chand And Company Limited,INE807K01035,SCHAND,SCHAND,589,Small Cap
917,BMW INDUSTRIES LIMITED,INE374E01021,BMW,,586,Small Cap
918,RAJAPALAYAM MILLS LTD.,INE296E01026,RAJPALAYAM,,580,Small Cap
919,3I INFOTECH LTD.,INE748C01020,3IINFOTECH,3IINFOTECH,574,Small Cap
920,RMG ALLOY STEEL LIMITED,INE731F01037,RMGALLOY,,574,Small Cap
921,WENDT (INDIA) LTD.,INE274C01019,WENDT,WENDT,574,Small Cap
922,RELIGARE ENTERPRISES LTD.,INE621H01010,RELIGARE,RELIGARE,572,Small Cap
923,ZEN TECHNOLOGIES LTD.,INE251B01027,ZENTEC,ZENTEC,572,Small Cap
924,WEIZMANN FOREX LTD.,INE726L01019,WEIZFOREX,WEIZFOREX,572,Small Cap
925,PNB GILTS LTD.,INE859A01011,PNBGILTS,PNBGILTS,571,Small Cap
926,CMI FPE LTD.,INE515A01019,CMIFPE,,570,Small Cap
927,CENTUM ELECTRONICS LTD.,INE320B01020,CENTUM,CENTUM,568,Small Cap
928,INDO RAMA SYNTHETICS (INDIA) L,INE156A01020,INDORAMA,INDORAMA,567,Small Cap
929,STYLAM INDUSTRIES LIMITED,INE239C01012,STYLAMIND,,567,Small Cap
930,RENAISSANCE GLOBAL LIMITED,INE722H01016,RGL,RGL,564,Small Cap
931,Bhageria Industries Limited,INE354C01027,BHAGIL,BHAGERIA,564,Small Cap
932,Grandeur Products Limited,INE545R01010,GPL,,558,Small Cap
933,DECCAN CEMENTS LTD.,INE583C01021,DECCANCE,DECCANCE,557,Small Cap
934,Precision Camshafts Limited,INE484I01029,PRECAM,PRECAM,553,Small Cap
935,MAA JAGDAMBE TRADELINKS LIMITE,INE403N01029,MAAJTL,,552,Small Cap
936,ALOK INDUSTRIES LTD.,INE270A01011,ALOKTEXT,ALOKTEXT,550,Small Cap
937,SNOWMAN LOGISTICS LTD,INE734N01019,SNOWMAN,SNOWMAN,548,Small Cap
938,SANDESH LTD.,INE583B01015,SANDESH,SANDESH,547,Small Cap
939,JAY BHARAT MARUTI LTD.,INE571B01028,JAYBARMARU,JAYBARMARU,545,Small Cap
940,MEDICAMEN BIOTECH LTD.,INE646B01010,MEDICAMEQ,,545,Small Cap
941,SADHANA NITROCHEM LTD.,INE888C01032,SADHNANIQ,,542,Small Cap
942,The Hi-Tech Gears Ltd,INE127B01011,HITECHGEAR,HITECHGEAR,539,Small Cap
943,SMS PHARMACEUTICALS LTD.,INE812G01025,SMSPHARMA,SMSPHARMA,534,Small Cap
944,SREELEATHERS LTD.,INE099F01013,SREEL,SREEL,530,Small Cap
945,NALWA SONS INVESTMENTS LTD.,INE023A01030,NSIL,NSIL,530,Small Cap
946,MARATHON NEXTGEN REALTY LTD.,INE182D01020,MARATHON,MARATHON,530,Small Cap
947,N.R.AGARWAL INDUSTRIES LTD.,INE740D01017,NRAGRINDQ,NRAIL,527,Small Cap
948,EMPIRE INDUSTRIES LTD.,INE515H01014,EMPIND,,525,Small Cap
949,MEDIA MATRIX WORLDWIDE LTD.,INE200D01020,MMWL,,525,Small Cap
950,Polo Queen Industrial and Fint,INE689M01017,PQIF,,524,Small Cap
951,MUNJAL AUTO INDUSTRIES LTD.,INE672B01032,MUNJALAU,MUNJALAU,523,Small Cap
952,CENTURY ENKA LTD.,INE485A01015,CENTENKA,CENTENKA,522,Small Cap
953,Gloster Ltd,INE350Z01018,GLOSTERLTD,,522,Small Cap
954,GARWARE POLYESTER LTD.,INE291A01017,GARWARPOLY,,521,Small Cap
955,ALBA POLYMERS LIMITED,INE314S01019,,,520,Small Cap
956,HINDUSTAN FOODS LTD.,INE254N01018,HNDFDS,,519,Small Cap
957,POKARNA LTD.,INE637C01025,POKARNA,POKARNA,519,Small Cap
958,KDDL LTD.,INE291D01011,KDDL,KDDL,519,Small Cap
959,Generic Engineering Constructi,INE854S01022,GENCON,,515,Small Cap
960,ADF FOODS LTD.,INE982B01019,ADFFOODS,ADFFOODS,511,Small Cap
961,The Anup Engineering Ltd,INE294Z01018,ANUP,ANUP,509,Small Cap
962,XCHANGING SOLUTIONS LTD.,INE692G01013,XCHANGING,XCHANGING,507,Small Cap
963,GANDHI SPECIAL TUBES LTD.,INE524B01027,GANDHITUBE,GANDHITUBE,505,Small Cap
964,SOUTHERN PETROCHEMICALS LTD.,INE147A01011,SPIC,SPIC,504,Small Cap
965,DWARIKESH SUGAR INDUSTRIES LTD,INE366A01041,DWARKESH,DWARKESH,501,Small Cap
966,ORISSA MINERALS DEVELOPMENT CO,INE725E01024,ORISSAMINE,ORISSAMINE,500,Small Cap
967,TIMEX GROUP INDIA LTD.,INE064A01026,TIMEX,,500,Small Cap
968,STOVEC INDUSTRIES LTD.,INE755D01015,STOVACQ,,494,Small Cap
969,Astron Paper & Board Mill Limi,INE646X01014,ASTRON,ASTRON,493,Small Cap
970,EXPLEO SOLUTIONS LIMITED,INE201K01015,EXPLEOSOL,EXPLEOSOL,493,Small Cap
971,MIRC ELECTRONICS LTD.,INE831A01028,MIRCELECTR,MIRCELECTR,492,Small Cap
972,HPC BIOSCIENCES LTD.,INE507O01025,HPCBL,,492,Small Cap
973,GRAVITA INDIA LTD.,INE024L01027,GRAVITA,GRAVITA,491,Small Cap
974,MT EDUCARE LTD.,INE472M01018,MTEDUCARE,MTEDUCARE,490,Small Cap
975,SAINT-GOBAIN SEKURIT INDIA LTD,INE068B01017,SAINTGOBAIN,,489,Small Cap
976,The Indian Wood Products Co. L,INE586E01020,IWP,,489,Small Cap
977,LIFELINE DRUGS & PHARMA LTD.,INE776N01028,LIFELINE,,487,Small Cap
978,VIKAS PROPPANT & GRANITE LTD.,INE767B01022,VIKASPROP,,486,Small Cap
979,VIPUL LTD.,INE946H01037,VIPUL,VIPULLTD,486,Small Cap
980,SINTEX INDUSTRIES LTD.,INE429C01035,SINTEX,SINTEX,485,Small Cap
981,TRIVENI ENTERPRISES LTD,INE916P01025,TRIVENIENT,,484,Small Cap
982,AVADH SUGAR & ENERGY LIMITED,INE349W01017,AVADHSUGAR,AVADHSUGAR,483,Small Cap
983,ANDHRA PETROCHEMICALS LTD.,INE714B01016,ANDHRAPET,,482,Small Cap
984,PLASTIBLENDS INDIA LTD.,INE083C01022,PLASTIBLEN,PLASTIBLEN,481,Small Cap
985,APOLLO PIPES LIMITED,INE126J01016,APOLLOPIPES,,479,Small Cap
986,GOODRICKE GROUP LTD.,INE300A01016,GOODRICKE,,478,Small Cap
987,63 Moons Technologies Limited,INE111B01023,63MOONS,63MOONS,478,Small Cap
988,MULTIBASE INDIA LTD.,INE678F01014,MULTIBASE,,477,Small Cap
989,INDIAN TERRAIN FASHIONS LTD.,INE611L01021,INDTERRAIN,INDTERRAIN,476,Small Cap
990,SANGHVI MOVERS LTD.,INE989A01024,SANGHVIMOV,SANGHVIMOV,474,Small Cap
991,D B REALTY LTD,INE879I01012,DBREALTY,DBREALTY,474,Small Cap
992,GKW LTD.,INE528A01020,,GKWLIMITED,474,Small Cap
993,RELIANCE INDUSTRIAL INFRASTRUC,INE046A01015,RIIL,RIIL,474,Small Cap
994,TANLA SOLUTIONS LTD.,INE483C01032,TANLA,TANLA,472,Small Cap
995,PRECISION WIRES INDIA LTD.,INE372C01029,PRECWIRE,PRECWIRE,471,Small Cap
996,VIMTA LABS LTD.,INE579C01029,VIMTALABS,VIMTALABS,468,Small Cap
997,RANE BRAKE LINING LTD.,INE244J01017,RBL,RBL,466,Small Cap
998,NACL Industries Limited,INE295D01020,NACLIND,NACLIND,466,Small Cap
999,ADOR WELDING LTD.,INE045A01017,ADORWELD,ADORWELD,462,Small Cap
1000,KSE LTD.,INE953E01014,KSE,,459,Small Cap
